Mean,Std
-87.29579,0.6160007
-87.28785,0.60826254
-87.2759,0.6136589
-87.29923,0.6095019
-87.34978,0.58173627
-87.370384,0.61079454
-87.355156,0.6029374
-87.336205,0.61414754
-87.317215,0.61865336
-87.3064,0.6051402
-87.34654,0.6113759
-87.36997,0.60292464
-87.369484,0.5919572
-87.37596,0.5920028
-87.36498,0.60980403
-87.39347,0.594764
-87.41436,0.5999248
-87.40627,0.5898681
-87.407455,0.5964513
-87.41083,0.612868
-87.41595,0.6067004
-87.40206,0.59711415
-87.41495,0.60291606
-87.43087,0.58657616
-87.4382,0.5872256
-87.464516,0.58698463
-87.46436,0.58752793
-87.44764,0.59663993
-87.42757,0.5915581
-87.439064,0.5868842
-87.45965,0.5757735
-87.47253,0.5625444
-87.50476,0.5632192
-87.50996,0.570848
-87.47451,0.5917157
-87.463394,0.58875465
-87.48558,0.5832163
-87.5161,0.5863923
-87.51848,0.5719735
-87.50477,0.54844826
-87.51956,0.5432331
-87.51211,0.54680467
-87.520386,0.5401019
-87.52508,0.54513973
-87.52366,0.543852
-87.53839,0.541385
-87.521355,0.5449594
-87.485504,0.56000626
-87.489044,0.55366004
-87.50077,0.5694143
-87.53681,0.56731504
-87.52558,0.5495731
-87.53172,0.5369368
-87.529526,0.53000045
-87.5092,0.54878896
-87.52587,0.55909765
-87.53548,0.5569584
-87.539444,0.5666694
-87.56289,0.5579877
-87.56103,0.54078025
-87.54326,0.5124
-87.50787,0.519102
-87.53827,0.5184232
-87.56265,0.5076885
-87.558105,0.5051571
-87.55796,0.5177788
-87.56173,0.5171212
-87.537674,0.53555775
-87.5363,0.5430379
-87.558075,0.531455
-87.57761,0.5388308
-87.58723,0.5274086
-87.57274,0.50205946
-87.54073,0.49507996
-87.53735,0.5104984
-87.55136,0.53336966
-87.55694,0.52227676
-87.5505,0.5112206
-87.5763,0.53072226
-87.57208,0.5180511
-87.55357,0.49124223
-87.552734,0.46451682
-87.54089,0.47263184
-87.54066,0.48951524
-87.57424,0.5036546
-87.58418,0.51250404
-87.5602,0.4800629
-87.53557,0.47453016
-87.535126,0.47436994
-87.54589,0.48096904
-87.56547,0.4898926
-87.55996,0.47340286
-87.535774,0.47113585
-87.51317,0.47148266
-87.50768,0.47225666
-87.53312,0.48577625
-87.54191,0.48635215
-87.57826,0.46683818
-87.569855,0.4791695
-87.53761,0.48822984
-87.51791,0.48485646
-87.51729,0.46839932
-87.526115,0.45357814
-87.52303,0.4381568
-87.523865,0.45013016
-87.50426,0.44780466
-87.48714,0.44833753
-87.485916,0.45050797
-87.50083,0.43379706
-87.52004,0.4588581
-87.54277,0.46827504
-87.524,0.4596223
-87.496254,0.451912
-87.46728,0.4406355
-87.46223,0.44717976
-87.483894,0.44728833
-87.51466,0.4565105
-87.5123,0.45110428
-87.49618,0.45111558
-87.47785,0.4297407
-87.45793,0.43645224
-87.45799,0.43631434
-87.466736,0.41986358
-87.45377,0.4014294
-87.42204,0.41127124
-87.40917,0.42495194
-87.37818,0.44850278
-87.4041,0.45026165
-87.44966,0.41759315
-87.46463,0.42083213
-87.48037,0.4108889
-87.45787,0.4140993
-87.41322,0.41700998
-87.3993,0.42131096
-87.403435,0.42090735
-87.405876,0.41343248
-87.40721,0.4104505
-87.41252,0.40903193
-87.4063,0.39859393
-87.36518,0.3926998
-87.357155,0.398943
-87.360695,0.38214195
-87.38768,0.3873761
-87.40433,0.3830795
-87.39194,0.39953318
-87.35485,0.37468112
-87.348274,0.3978033
-87.34424,0.42181015
-87.35613,0.40903035
-87.36377,0.39475235
-87.36485,0.38602632
-87.33795,0.4022525
-87.335724,0.3893104
-87.29391,0.37463936
-87.32912,0.38790274
-87.334564,0.3818102
-87.33725,0.37348235
-87.32623,0.36383247
-87.29918,0.3541528
-87.27381,0.3633229
-87.26967,0.37373295
-87.29687,0.3696367
-87.317825,0.3867159
-87.28722,0.3710763
-87.23097,0.3538384
-87.23941,0.36324158
-87.26178,0.3749271
-87.259285,0.3578141
-87.26842,0.36152762
-87.26374,0.3674709
-87.24398,0.36922696
-87.21209,0.35777524
-87.185616,0.36176577
-87.18704,0.361792
-87.19879,0.36538413
-87.22464,0.35658824
-87.21267,0.3559176
-87.17614,0.35776025
-87.145226,0.3449862
-87.141754,0.3526761
-87.15693,0.34259236
-87.17713,0.34346834
-87.182274,0.34365633
-87.1803,0.3537983
-87.154915,0.3395867
-87.12948,0.35619316
-87.12136,0.3433192
-87.14993,0.3273493
-87.15421,0.34564966
-87.15144,0.33871865
-87.140434,0.3345347
-87.092476,0.32839596
-87.05175,0.3321239
-87.05838,0.3422226
-87.085945,0.33957845
-87.09494,0.34324235
-87.104,0.34199885
-87.07453,0.3336701
-87.038994,0.32543463
-87.02444,0.32344678
-87.040215,0.32786065
-87.04842,0.34201744
-87.06272,0.34858227
-87.064964,0.32713667
-87.03429,0.31888092
-87.02154,0.31298196
-86.99151,0.3292004
-86.99421,0.32610962
-87.02177,0.32848135
-87.01964,0.32748166
-87.00457,0.33471164
-86.9763,0.3311953
-86.945984,0.31092227
-86.96237,0.31667313
-86.97106,0.32988185
-86.98591,0.32825974
-86.97444,0.32369077
-86.96478,0.31320274
-86.91197,0.30229107
-86.90904,0.30047706
-86.91425,0.29322064
-86.92027,0.29040325
-86.92137,0.31571963
-86.92434,0.31723642
-86.897705,0.31025866
-86.867805,0.30824336
-86.87365,0.31455353
-86.88165,0.31231984
-86.89896,0.29372013
-86.88858,0.27825287
-86.85982,0.30208
-86.85293,0.3124418
-86.83859,0.30373716
-86.84041,0.31072333
-86.85528,0.30557808
-86.882805,0.30481437
-86.84593,0.2880383
-86.819885,0.27722928
-86.7993,0.2900654
-86.80811,0.31832847
-86.8263,0.3106581
-86.81884,0.30358544
-86.82288,0.31142077
-86.77205,0.33055693
-86.70994,0.3462182
-86.75628,0.29615584
-86.77273,0.28854254
-86.767685,0.305631
-86.76823,0.30022764
-86.77136,0.3036418
-86.75035,0.30154157
-86.75091,0.304976
-86.74664,0.27718896
-86.76811,0.297953
-86.752846,0.31083044
-86.74231,0.31759182
-86.73278,0.2862727
-86.713585,0.28600577
-86.68892,0.2880923
-86.69157,0.2937996
-86.71275,0.2860502
-86.71265,0.30032423
-86.70704,0.28963387
-86.67506,0.28697813
-86.63766,0.2793226
-86.635345,0.28002238
-86.66019,0.29671463
-86.67761,0.29303908
-86.68129,0.28821135
-86.67574,0.2768165
-86.641014,0.29484898
-86.61247,0.31440097
-86.61657,0.29348716
-86.630005,0.27312934
-86.628685,0.27991304
-86.62938,0.28912574
-86.61417,0.2848499
-86.58716,0.29471904
-86.59115,0.2809011
-86.602936,0.27195
-86.60274,0.25260344
-86.60245,0.2733729
-86.59142,0.29576877
-86.55773,0.28665385
-86.55771,0.27143347
-86.56573,0.27736348
-86.571724,0.27941206
-86.57914,0.27499017
-86.57488,0.27710992
-86.55876,0.28031892
-86.528786,0.29967692
-86.51271,0.29568282
-86.524376,0.27791104
-86.53717,0.26431352
-86.546265,0.26339188
-86.50298,0.27972373
-86.48597,0.27568346
-86.47823,0.27527687
-86.46205,0.2817432
-86.470436,0.2528586
-86.52333,0.26292032
-86.52282,0.29570392
-86.4936,0.2812656
-86.454475,0.27845752
-86.432945,0.24672428
-86.44689,0.26646742
-86.477844,0.28327826
-86.48142,0.280515
-86.45653,0.26947433
-86.45037,0.28542092
-86.44676,0.27019635
-86.439384,0.2613716
-86.43761,0.2801907
-86.45504,0.27772084
-86.46291,0.25686046
-86.44899,0.24486674
-86.41151,0.2747074
-86.39072,0.28320417
-86.40067,0.27555194
-86.40267,0.27132383
-86.438484,0.24841414
-86.402626,0.26526096
-86.33162,0.27633974
-86.34888,0.28717047
-86.381744,0.28358522
-86.391464,0.2705596
-86.40456,0.27409536
-86.39963,0.2646889
-86.36187,0.28010505
-86.35736,0.29129618
-86.34439,0.28692085
-86.35691,0.26372206
-86.37147,0.2751102
-86.36925,0.26949403
-86.38354,0.25778332
-86.36091,0.24666609
-86.330185,0.2742424
-86.30699,0.2701741
-86.3159,0.27255017
-86.341774,0.28162852
-86.34959,0.27926502
-86.33254,0.27373642
-86.30822,0.26200646
-86.28073,0.2652513
-86.292305,0.28446954
-86.304375,0.27880833
-86.30603,0.27485994
-86.30761,0.2628038
-86.29645,0.25625473
-86.297386,0.25478178
-86.28289,0.28717443
-86.284096,0.27908486
-86.28989,0.26910397
-86.30097,0.26450723
-86.29274,0.24625818
-86.25741,0.24186444
-86.24533,0.24866104
-86.22718,0.25834027
-86.260895,0.26220375
-86.27885,0.2636391
-86.27518,0.2497821
-86.23837,0.2829966
-86.1857,0.31422046
-86.20706,0.27227554
-86.22932,0.27308583
-86.246925,0.26959336
-86.25204,0.27341828
-86.253555,0.27065262
-86.2481,0.2716961
-86.202866,0.27859962
-86.172165,0.26075777
-86.1845,0.26187524
-86.208115,0.24715497
-86.25096,0.27584594
-86.23893,0.27827147
-86.20861,0.27255246
-86.18964,0.28408965
-86.18084,0.28274372
-86.18013,0.27891967
-86.214424,0.25581008
-86.23111,0.26963225
-86.2174,0.26086608
-86.17859,0.25608373
-86.16834,0.27449742
-86.18258,0.2660192
-86.18494,0.26021406
-86.20204,0.27406338
-86.20533,0.2615065
-86.17104,0.24743982
-86.14798,0.26590765
-86.16602,0.2692788
-86.18088,0.27361247
-86.19724,0.2521819
-86.20009,0.2630892
-86.17768,0.26231012
-86.134995,0.25461623
-86.129845,0.2888891
-86.16751,0.30357003
-86.18019,0.28299993
-86.18349,0.28945813
-86.16327,0.26717234
-86.15722,0.25723913
-86.12469,0.2611944
-86.0888,0.28628016
-86.10716,0.2807014
-86.142494,0.27173766
-86.14183,0.2805543
-86.13728,0.27501455
-86.132645,0.26528004
-86.104645,0.27391523
-86.11247,0.29009002
-86.13112,0.28285468
-86.14796,0.28859267
-86.156975,0.2974678
-86.13215,0.28457415
-86.10218,0.2734928
-86.09442,0.25915697
-86.12477,0.264385
-86.14366,0.28036386
-86.14636,0.26765943
-86.11415,0.26540416
-86.10892,0.27152175
-86.104805,0.2748292
-86.0888,0.28135666
-86.11754,0.2794853
-86.11523,0.3032126
-86.109985,0.28744826
-86.06911,0.26241562
-86.088875,0.25621715
-86.104126,0.25786704
-86.10739,0.27942985
-86.11838,0.28494194
-86.103096,0.27489066
-86.09475,0.2782866
-86.07631,0.27164045
-86.07857,0.26828304
-86.07885,0.28777844
-86.07357,0.28923622
-86.077675,0.2737955
-86.08016,0.2726834
-86.08814,0.27563944
-86.046394,0.2899392
-86.051544,0.27560565
-86.06374,0.27242348
-86.107124,0.26268685
-86.10886,0.26998317
-86.089584,0.28979746
-86.07476,0.2642862
-86.05587,0.26222184
-86.05184,0.27231374
-86.076866,0.29261267
-86.08073,0.27811995
-86.067474,0.2821691
-86.06145,0.2618016
-86.05088,0.27280703
-86.06079,0.27247494
-86.063385,0.2901773
-86.08306,0.28787765
-86.07258,0.2869269
-86.07631,0.27179956
-86.065994,0.28160435
-86.057526,0.281469
-86.052666,0.26723993
-86.055145,0.27237493
-86.074646,0.26847592
-86.07374,0.27200326
-86.060524,0.28998414
-86.06429,0.28819942
-86.06237,0.27728483
-86.06105,0.25088388
-86.06878,0.27648464
-86.08043,0.28490257
-86.053795,0.2992331
-86.051605,0.28691846
-86.05503,0.29727086
-86.06137,0.30551046
-86.05904,0.2904555
-86.07751,0.29132137
-86.07812,0.28490207
-86.06739,0.2784675
-86.0255,0.29737383
-85.995514,0.2985006
-86.026344,0.28681326
-86.06219,0.29261845
-86.05474,0.27678147
-86.04776,0.28747183
-86.03843,0.28328162
-86.0105,0.26764715
-86.030685,0.29764226
-86.05106,0.2861461
-86.044304,0.26357913
-86.03636,0.27754867
-86.02554,0.30113235
-86.03609,0.2873482
-86.030685,0.2816733
-86.033424,0.28679663
-86.0406,0.3091155
-86.03537,0.299626
-86.033066,0.29013303
-86.00441,0.28229937
-85.99377,0.28011963
-86.00947,0.303038
-86.03391,0.2893479
-86.04421,0.2956805
-86.052315,0.29813206
-86.02783,0.29693547
-86.020805,0.30520278
-86.021324,0.3186954
-86.0286,0.2998393
-86.03662,0.28833628
-86.05626,0.27809054
-86.05126,0.2974174
-86.03748,0.3372401
-86.02103,0.32760134
-86.003525,0.3075273
-86.02292,0.31159893
-86.04025,0.3017159
-86.058266,0.30189985
-86.046814,0.30370376
-86.027534,0.31022945
-86.01547,0.31477138
-85.999146,0.32697573
-86.0027,0.31314972
-86.01206,0.2849002
-86.010666,0.2987764
-85.99386,0.28935885
-85.99218,0.30336583
-85.9901,0.32020873
-86.00624,0.31924573
-86.0339,0.3063077
-86.0478,0.2916515
-86.03572,0.28862295
-86.03672,0.3080963
-86.028366,0.316745
-86.03135,0.3068469
-86.01975,0.3149843
-86.04754,0.32387596
-86.03449,0.31412295
-86.01595,0.30798236
-86.02184,0.31874666
-86.01079,0.33501166
-86.00378,0.33310774
-86.00743,0.33578178
-86.00813,0.31201315
-86.03321,0.30207518
-86.01914,0.30129105
-85.99407,0.30553725
-85.9927,0.3087235
-86.022095,0.30901638
-86.03663,0.29634428
-86.051834,0.2955864
-86.02372,0.29906416
-86.00356,0.2964713
-85.99015,0.30274823
-85.996895,0.3288163
-86.01041,0.3354221
-86.005196,0.2900907
-85.99585,0.28644612
-85.98807,0.299088
-85.98614,0.29423746
-85.98851,0.29891413
-85.98651,0.29290822
-86.021706,0.2939131
-86.013664,0.30572367
-86.0153,0.3084238
-86.011635,0.29637367
-85.99178,0.33318934
-85.983406,0.34595755
-85.993,0.32640025
-86.00055,0.32439572
-86.02285,0.30919337
-86.0154,0.32502016
-86.008385,0.3341565
-85.99799,0.30673906
-85.99696,0.3284496
-85.99619,0.31948185
-86.00477,0.3037148
-86.0107,0.31331614
-86.00582,0.30333212
-85.99059,0.31135327
-85.97587,0.3153416
-85.96987,0.30853477
-85.989655,0.30063137
-86.01204,0.28757566
-86.01764,0.30098778
-85.99609,0.30544975
-85.96888,0.31897086
-85.97166,0.34581602
-85.97032,0.3369142
-85.98622,0.3326413
-85.99936,0.33319697
-85.984436,0.32117707
-85.98255,0.3323845
-85.963104,0.34284517
-85.97512,0.339684
-85.97514,0.34442416
-86.00042,0.34166571
-86.00833,0.3263236
-85.99511,0.32373366
-85.96542,0.3139571
-85.96083,0.32335016
-85.998215,0.3239453
-86.00724,0.33675227
-85.992096,0.36159998
-85.98019,0.32094148
-85.976814,0.30891353
-85.979485,0.3125063
-85.96778,0.33725047
-85.95366,0.32041156
-85.97176,0.32033247
-85.98081,0.3167396
-85.96712,0.32211882
-85.96487,0.33133665
-85.96205,0.32295233
-85.959435,0.31399393
-85.97793,0.33759418
-85.977005,0.33768287
-85.95748,0.3419841
-85.9577,0.3362449
-85.96042,0.33064243
-85.969124,0.321659
-85.97415,0.32927623
-85.953415,0.32328495
-85.957954,0.31866473
-85.971825,0.32498834
-85.96033,0.33541375
-85.94561,0.31961182
-85.95486,0.3190366
-85.95121,0.34009227
-85.951485,0.34970596
-85.93628,0.3344997
-85.95399,0.3346505
-85.93538,0.31036815
-85.9442,0.31599775
-85.95971,0.34318146
-85.98217,0.33427173
-85.96211,0.33294293
-85.92837,0.33965236
-85.9303,0.35021585
-85.9474,0.35282382
-85.94221,0.33419603
-85.9439,0.344287
-85.94381,0.38135263
-85.92742,0.36147428
-85.92992,0.34340212
-85.92701,0.33868557
-85.941666,0.3465351
-85.959145,0.34971285
-85.96051,0.3781018
-85.9439,0.35861215
-85.92771,0.33436626
-85.94873,0.34170088
-85.95399,0.33266133
-85.94541,0.32753998
-85.95719,0.3356391
-85.941055,0.33859053
-85.93319,0.3631015
-85.917206,0.35643947
-85.9182,0.36183894
-85.92687,0.3336691
-85.93205,0.36632138
-85.92255,0.3816469
-85.92037,0.378389
-85.926445,0.3611801
-85.914276,0.36404264
-85.910805,0.38762432
-85.91849,0.380619
-85.93932,0.3831047
-85.94838,0.36814559
-85.93615,0.3529365
-85.91305,0.36262715
-85.89552,0.38683093
-85.89324,0.383352
-85.9118,0.38052592
-85.91314,0.363316
-85.896545,0.3346551
-85.908134,0.3309675
-85.90591,0.35293183
-85.90858,0.36918727
-85.899216,0.39315474
-85.88121,0.389732
-85.88697,0.3763039
-85.898705,0.36530194
-85.9074,0.37328005
-85.89111,0.37875402
-85.88121,0.3751856
-85.892334,0.35526922
-85.90472,0.36816728
-85.89735,0.36078024
-85.89103,0.3442156
-85.88849,0.3369398
-85.89776,0.35400352
-85.88272,0.3801952
-85.895935,0.37387612
-85.89011,0.3568154
-85.86745,0.3639418
-85.866714,0.37861946
-85.8717,0.36480808
-85.87042,0.3586576
-85.87638,0.37873757
-85.88466,0.3729002
-85.86852,0.35590866
-85.866936,0.3672949
-85.86212,0.40737423
-85.87187,0.40701753
-85.87376,0.3783747
-85.8822,0.37142098
-85.869225,0.3598952
-85.89311,0.36245665
-85.888824,0.3599076
-85.85954,0.38070273
-85.86153,0.34619543
-85.85979,0.367296
-85.86392,0.38808054
-85.867035,0.36875275
-85.846535,0.3878357
-85.82768,0.3961918
-85.8562,0.38403627
-85.86706,0.37644798
-85.860634,0.37040183
-85.876305,0.3665988
-85.85547,0.35610422
-85.865295,0.3744641
-85.854294,0.38188162
-85.84871,0.36471725
-85.84986,0.38396522
-85.84179,0.3972414
-85.84499,0.39245468
-85.833496,0.39803392
-85.84878,0.369526
-85.84057,0.39759418
-85.814384,0.44495377
-85.84413,0.43986368
-85.864235,0.39441225
-85.87158,0.36903676
-85.8373,0.35826933
-85.83225,0.36833563
-85.834854,0.380252
-85.828735,0.40769044
-85.815,0.4169045
-85.83484,0.40791392
-85.84554,0.4030716
-85.85226,0.4136802
-85.829544,0.41581097
-85.817314,0.42612892
-85.82662,0.45131975
-85.83772,0.4201669
-85.82917,0.41580147
-85.83594,0.38322714
-85.82088,0.3912251
-85.82018,0.4078989
-85.796486,0.41377848
-85.803696,0.41647443
-85.81052,0.4046193
-85.812874,0.4360456
-85.821335,0.4070326
-85.80777,0.36373982
-85.803,0.39759386
-85.816154,0.42714736
-85.80458,0.42255956
-85.799446,0.42429313
-85.804596,0.44429806
-85.796684,0.42051193
-85.78585,0.41883954
-85.78113,0.42998
-85.802284,0.42089516
-85.80981,0.37038425
-85.8052,0.38476142
-85.78802,0.41864404
-85.77997,0.39616278
-85.79201,0.39156735
-85.78102,0.4339422
-85.79448,0.43532756
-85.79107,0.41184962
-85.802155,0.41397113
-85.81888,0.3901588
-85.78347,0.40134096
-85.78732,0.38775995
-85.77158,0.42193934
-85.77751,0.47675514
-85.79101,0.4724303
-85.77254,0.45952916
-85.75458,0.45655525
-85.74968,0.42192
-85.76429,0.4049691
-85.79192,0.4114966
-85.80065,0.39749977
-85.79621,0.3978711
-85.78739,0.40652505
-85.76799,0.40764773
-85.779106,0.41730577
-85.78759,0.4124118
-85.78666,0.3970903
-85.789474,0.42153662
-85.7745,0.46041512
-85.76182,0.46341297
-85.770195,0.4621767
-85.746,0.46052
-85.74968,0.41493064
-85.77815,0.40702853
-85.791306,0.40899694
-85.78406,0.41470546
-85.78566,0.42689407
-85.766136,0.44536942
-85.78278,0.44736433
-85.77578,0.41420087
-85.779945,0.4270937
-85.77469,0.42927194
-85.77824,0.4286145
-85.76432,0.4409724
-85.77846,0.43649182
-85.78018,0.44874796
-85.76553,0.44422752
-85.77924,0.43027586
-85.779915,0.44998044
-85.76396,0.435295
-85.77104,0.42233226
-85.78057,0.42963377
-85.77226,0.44002542
-85.78518,0.47674146
-85.78032,0.4604628
-85.76383,0.4263127
-85.769844,0.4419923
-85.76952,0.47913396
-85.74498,0.51286983
-85.73997,0.4902391
-85.753204,0.44504014
-85.75894,0.4409154
-85.772766,0.4556269
-85.76798,0.47120488
-85.76209,0.47239947
-85.752815,0.45787877
-85.76012,0.47237098
-85.75721,0.47919565
-85.76592,0.5077383
-85.77554,0.48617086
-85.76649,0.43732232
-85.78343,0.41938055
-85.770134,0.43625608
-85.778015,0.45409045
-85.753296,0.48558703
-85.760284,0.49585575
-85.761696,0.48443618
-85.75364,0.46881083
-85.779144,0.45397937
-85.795105,0.4536024
-85.77923,0.5151118
-85.751045,0.601522
-85.764114,0.5193365
-85.74428,0.48527288
-85.75711,0.50052375
-85.765945,0.4973288
-85.76928,0.49082944
-85.75868,0.45817485
-85.758026,0.47449547
-85.770615,0.48986915
-85.747314,0.44637656
-85.75241,0.4741326
-85.76921,0.51881003
-85.76336,0.52159727
-85.75263,0.48420674
-85.75352,0.46870503
-85.74539,0.47088543
-85.740875,0.5177805
-85.74565,0.5089001
-85.7363,0.4923021
-85.75076,0.45682916
-85.77052,0.4593927
-85.76735,0.46914402
-85.75135,0.47485295
-85.75387,0.51754403
-85.77615,0.5252021
-85.769714,0.5121788
-85.75401,0.50967884
-85.73898,0.51476485
-85.73903,0.51741576
-85.74084,0.5509761
-85.7564,0.51341534
-85.752045,0.54711866
-85.75006,0.5505027
-85.75622,0.50417715
-85.75154,0.48376638
-85.74897,0.50751615
-85.758606,0.50727916
-85.74719,0.539185
-85.76428,0.5169403
-85.775925,0.4780976
-85.777954,0.4672553
-85.7778,0.47899118
-85.770195,0.49516624
-85.76097,0.4964588
-85.77769,0.5048061
-85.78345,0.5147922
-85.78429,0.5034446
-85.76896,0.5440053
-85.78203,0.5419009
-85.76898,0.5138766
-85.77751,0.5100061
-85.76594,0.51328444
-85.78493,0.51362145
-85.78186,0.5143071
-85.78681,0.52870184
-85.790115,0.52944034
-85.805145,0.50478274
-85.80103,0.5041125
-85.76744,0.53993505
-85.758194,0.5794636
-85.766945,0.55854964
-85.76862,0.51503146
-85.77786,0.50036055
-85.760185,0.504879
-85.79274,0.5170335
-85.77494,0.5266408
-85.75221,0.5775005
-85.75332,0.5674242
-85.768196,0.54716176
-85.77756,0.5369672
-85.7717,0.5770877
-85.78134,0.59700227
-85.782425,0.5975488
-85.764084,0.5943433
-85.748474,0.5990184
-85.74333,0.5913922
-85.77402,0.5401329
-85.8156,0.509042
-85.79831,0.51637936
-85.780556,0.5159203
-85.78779,0.53089005
-85.790764,0.5565044
-85.7871,0.59336156
-85.75385,0.5827102
-85.77525,0.5594762
-85.79171,0.5127987
-85.79757,0.51997614
-85.79959,0.55888504
-85.791824,0.54711604
-85.79312,0.51877403
-85.80827,0.54095274
-85.79928,0.59285444
-85.79041,0.5941769
-85.78662,0.54655117
-85.780205,0.5772345
-85.79271,0.60674125
-85.79575,0.56777555
-85.78765,0.53638756
-85.79028,0.56771874
-85.77528,0.565293
-85.778114,0.5422233
-85.809235,0.53858733
-85.80639,0.53717065
-85.78286,0.55449957
-85.78489,0.5865478
-85.7905,0.585445
-85.80013,0.56563973
-85.77638,0.56667924
-85.7814,0.5635862
-85.805916,0.54886496
-85.827194,0.5670095
-85.81378,0.619141
-85.8141,0.5901018
-85.81193,0.5626356
-85.79614,0.5506096
-85.80356,0.5591242
-85.82005,0.58829254
-85.80693,0.56100607
-85.815094,0.597718
-85.802986,0.64234304
-85.80676,0.58019555
-85.8167,0.57725567
-85.81739,0.610768
-85.80398,0.6170763
-85.82494,0.57695144
-85.81134,0.58413714
-85.80525,0.5741029
-85.80364,0.5954178
-85.81958,0.5984093
-85.8279,0.5957187
-85.79559,0.5992904
-85.783424,0.63844544
-85.80032,0.63979805
-85.81897,0.6076458
-85.82471,0.5929063
-85.813805,0.5593595
-85.81057,0.58225435
-85.8107,0.6345936
-85.79121,0.61981124
-85.784256,0.60247827
-85.81888,0.5807851
-85.81689,0.6068115
-85.802925,0.6253721
-85.82029,0.6314037
-85.81878,0.59567297
-85.82634,0.5699914
-85.80315,0.58665437
-85.785515,0.59676665
-85.7856,0.61731106
-85.80369,0.6654588
-85.81856,0.61298543
-85.789566,0.60839975
-85.7871,0.63995403
-85.811325,0.6174564
-85.83824,0.6000173
-85.84164,0.6276481
-85.82581,0.6738634
-85.81272,0.6489055
-85.81391,0.59197754
-85.83222,0.59835523
-85.82565,0.5931698
-85.83472,0.59679514
-85.83225,0.6152402
-85.834145,0.5981807
-85.840096,0.603427
-85.82296,0.65248656
-85.80556,0.6692286
-85.80996,0.6073601
-85.80542,0.6014027
-85.81502,0.5913502
-85.82605,0.5888716
-85.826256,0.62006706
-85.826866,0.6163114
-85.85056,0.60360456
-85.82823,0.6077482
-85.81806,0.6236911
-85.8261,0.63296545
-85.81432,0.6166822
-85.81534,0.6426793
-85.845764,0.6884371
-85.82377,0.72411
-85.80873,0.74402016
-85.80817,0.68823457
-85.83671,0.63242495
-85.836876,0.6346955
-85.831924,0.63930196
-85.83173,0.6525377
-85.83204,0.6398669
-85.82019,0.64408547
-85.818924,0.6560092
-85.814705,0.6576288
-85.821686,0.6582539
-85.80646,0.6540041
-85.81644,0.6622718
-85.8572,0.6322098
-85.85607,0.64717615
-85.83087,0.6585855
-85.82669,0.6190718
-85.82416,0.63255167
-85.83763,0.642669
-85.82847,0.6301351
-85.83262,0.63619375
-85.846924,0.61627734
-85.838264,0.62908375
-85.831924,0.65262496
-85.82488,0.6346227
-85.81033,0.6323758
-85.842384,0.6551348
-85.82387,0.6564137
-85.83408,0.6858807
-85.825554,0.68924433
-85.83651,0.69055355
-85.83024,0.6726449
-85.842285,0.6396676
-85.84464,0.6799647
-85.83481,0.73684555
-85.84465,0.71614724
-85.82137,0.73973626
-85.80599,0.6784728
-85.81955,0.6499696
-85.800804,0.7286874
-85.795334,0.80462515
-85.821815,0.71824175
-85.83204,0.6541974
-85.8215,0.671117
-85.83675,0.68156314
-85.85076,0.66192436
-85.84267,0.67314136
-85.822685,0.72031975
-85.81241,0.7377233
-85.81542,0.75693417
-85.805046,0.742653
-85.79777,0.7565566
-85.79946,0.70657104
-85.810234,0.6908746
-85.826004,0.66100657
-85.82879,0.6947036
-85.832596,0.7257997
-85.814575,0.6994497
-85.82299,0.662173
-85.814926,0.7114308
-85.79838,0.78436375
-85.8049,0.71661526
-85.845314,0.6545135
-85.83905,0.6434391
-85.82838,0.665545
-85.821976,0.6948343
-85.81126,0.80209607
-85.81536,0.80944496
-85.83146,0.7125488
-85.83663,0.6761333
-85.81894,0.6424474
-85.80178,0.6566228
-85.821465,0.65869534
-85.80652,0.67945015
-85.805275,0.6979491
-85.81118,0.7087642
-85.80601,0.65574014
-85.80843,0.6606168
-85.80769,0.6985321
-85.83626,0.6604256
-85.83625,0.6560003
-85.791016,0.724506
-85.796524,0.7459202
-85.78022,0.77311003
-85.79597,0.730847
-85.81826,0.69411796
-85.8172,0.7146341
-85.779724,0.7067696
-85.76159,0.730382
-85.778435,0.7431752
-85.795525,0.75939614
-85.822105,0.7464697
-85.8252,0.71502507
-85.8155,0.74315614
-85.80907,0.73585874
-85.81983,0.71567786
-85.826836,0.7057537
-85.828865,0.7010254
-85.80757,0.68855137
-85.81313,0.64289886
-85.801895,0.6865598
-85.78107,0.7243814
-85.77993,0.73998743
-85.79278,0.7104146
-85.77478,0.71212703
-85.777916,0.7169323
-85.778656,0.69669574
-85.76377,0.6706241
-85.77178,0.67620045
-85.76438,0.7263636
-85.786285,0.72484404
-85.79691,0.7192322
-85.76415,0.7732632
-85.770874,0.819482
-85.79492,0.73003596
-85.796326,0.6731722
-85.804886,0.6787329
-85.819954,0.7233619
-85.789635,0.7491399
-85.80414,0.69019586
-85.80666,0.66111785
-85.783714,0.68205297
-85.78598,0.7400432
-85.78494,0.73206455
-85.777725,0.7267706
-85.76871,0.7679041
-85.76161,0.77613044
-85.74827,0.8044425
-85.75626,0.7614027
-85.751526,0.7469286
-85.770035,0.7500889
-85.788635,0.7366393
-85.76348,0.74930125
-85.748726,0.81927717
-85.72843,0.88276404
-85.74635,0.807908
-85.772545,0.7324763
-85.76807,0.71351653
-85.76019,0.728411
-85.741585,0.77166486
-85.72691,0.8385197
-85.73998,0.8054634
-85.744705,0.77051854
-85.7371,0.8120467
-85.741486,0.8253589
-85.73143,0.824319
-85.729675,0.78703105
-85.74868,0.7489922
-85.76051,0.7516413
-85.755295,0.77392423
-85.74808,0.76606673
-85.728424,0.7792917
-85.70662,0.7800283
-85.71935,0.78389317
-85.70622,0.83286864
-85.69905,0.88307506
-85.71583,0.85132366
-85.719765,0.8242402
-85.73451,0.80306935
-85.711136,0.8129595
-85.68955,0.7642944
-85.68776,0.7739827
-85.70864,0.7588229
-85.72733,0.74858546
-85.733406,0.76848084
-85.72029,0.72923553
-85.701416,0.7292874
-85.68184,0.7797725
-85.696724,0.8078885
-85.70079,0.77856696
-85.701454,0.73149806
-85.68456,0.7915953
-85.67488,0.8425477
-85.65923,0.8476746
-85.67607,0.77857774
-85.68131,0.7700847
-85.67768,0.79732925
-85.67325,0.7882058
-85.690575,0.7838513
-85.683266,0.7663085
-85.66425,0.769808
-85.63406,0.8092622
-85.67707,0.7760072
-85.68379,0.7692406
-85.66474,0.75252336
-85.6736,0.72840285
-85.674416,0.7363349
-85.66031,0.7450517
-85.67329,0.7719325
-85.65436,0.79567945
-85.62994,0.8292867
-85.639435,0.868889
-85.64162,0.85489035
-85.62866,0.8153215
-85.6582,0.81998646
-85.65668,0.8213874
-85.63976,0.80803615
-85.63918,0.8294936
-85.6282,0.8375102
-85.59741,0.83140266
-85.58821,0.88748443
-85.60205,0.8596272
-85.61873,0.826437
-85.5984,0.829201
-85.588295,0.8426748
-85.59503,0.8358196
-85.607666,0.81698716
-85.60515,0.83554643
-85.59819,0.8622364
-85.61204,0.8551039
-85.62247,0.8569639
-85.61062,0.81343806
-85.58402,0.7858439
-85.57486,0.8075406
-85.57213,0.8000368
-85.58369,0.8025953
-85.59253,0.82020235
-85.594475,0.830332
-85.59282,0.8075201
-85.58342,0.8317603
-85.573494,0.8157846
-85.54837,0.8077506
-85.54454,0.8114098
-85.56879,0.82486516
-85.55744,0.8480227
-85.53557,0.91415626
-85.520294,0.9634093
-85.523544,0.9494148
-85.51175,0.90819746
-85.5035,0.9279179
-85.516235,0.9165571
-85.53906,0.8846536
-85.55108,0.8363469
-85.51966,0.83949536
-85.51278,0.8880653
-85.519936,0.9045351
-85.518166,0.87396634
-85.51887,0.8487775
-85.51546,0.8581141
-85.48661,0.8843881
-85.48285,0.8462791
-85.5024,0.8328007
-85.476746,0.9016732
-85.47049,0.9179303
-85.47268,0.86339957
-85.45864,0.82326245
-85.4409,0.8913062
-85.45806,0.8876501
-85.47393,0.8524602
-85.46725,0.87392634
-85.446724,0.90474945
-85.44262,0.9014432
-85.42648,0.8870833
-85.43683,0.9042879
-85.45626,0.88654596
-85.46211,0.8924483
-85.45374,0.9213291
-85.41842,0.96163684
-85.40282,0.98406273
-85.41095,0.9641018
-85.408806,0.9163692
-85.41496,0.9253487
-85.40906,0.91346407
-85.41823,0.87315315
-85.42297,0.8949355
-85.42574,0.91994214
-85.43478,0.8988385
-85.41537,0.8945645
-85.398506,0.9047106
-85.415825,0.9127729
-85.40531,0.9584744
-85.365814,0.9867598
-85.340805,0.98603976
-85.33037,0.9995819
-85.36409,0.9884679
-85.38918,0.9294472
-85.38377,0.89829576
-85.35594,0.9533866
-85.32899,0.98992324
-85.30805,1.023123
-85.3013,1.0625181
-85.297035,1.0026647
-85.30605,0.94329745
-85.32719,0.9315549
-85.32845,0.9337423
-85.319695,0.94169295
-85.3209,0.9804728
-85.318275,0.97418845
-85.294624,1.0097115
-85.29662,1.0100445
-85.30554,0.9644286
-85.31818,0.9441674
-85.30695,0.9495413
-85.29541,0.9170666
-85.26346,0.9433418
-85.28003,0.98791
-85.27734,0.98769647
-85.27485,0.98487836
-85.27661,0.98541844
-85.29298,0.9597234
-85.30346,0.9096798
-85.3009,0.89122677
-85.296585,0.89293504
-85.28066,0.88728094
-85.27264,0.913542
-85.26572,0.89717805
-85.272865,0.9187212
-85.2652,0.98794734
-85.25288,0.9802973
-85.28188,0.909624
-85.29147,0.91068
-85.25308,0.9563735
-85.2427,0.957
-85.19946,0.98157114
-85.18421,1.0074674
-85.19785,0.9960139
-85.19791,0.9886071
-85.22049,0.9874743
-85.22228,0.97950304
-85.22019,0.9828105
-85.21218,1.008604
-85.20498,0.9843065
-85.19505,1.003769
-85.203064,1.013429
-85.20347,0.9868969
-85.20307,0.9535194
-85.211105,0.95972395
-85.19102,0.9876426
-85.20435,0.9819181
-85.19403,0.98018616
-85.17044,0.97848415
-85.19234,0.9448592
-85.19114,0.96082085
-85.17014,0.988179
-85.15776,0.98228866
-85.13764,1.0086644
-85.12138,1.0434701
-85.15101,1.0210505
-85.15936,1.0117394
-85.13973,1.0247666
-85.141014,1.0065877
-85.144585,0.9827895
-85.13848,0.97928923
-85.10314,1.0002149
-85.09904,1.009197
-85.101715,1.0082822
-85.114655,1.0393364
-85.11273,1.0652281
-85.10367,1.0532566
-85.0934,1.0318152
-85.1033,1.0612196
-85.09581,1.0707173
-85.074135,1.0645165
-85.047165,1.0732095
-85.06558,1.1183556
-85.06067,1.1106709
-85.04781,1.0857227
-85.04425,1.0377183
-85.04139,1.0107622
-85.04726,0.99565595
-85.046295,1.020125
-85.05751,1.0467778
-85.027885,1.0415403
-85.03558,1.0245314
-85.028145,1.0686349
-85.012146,1.1092858
-85.03342,1.0811398
-85.041046,1.0501336
-85.05318,1.0888401
-85.06009,1.0516367
-85.06504,1.013346
-85.03692,1.0260522
-85.01642,1.0610714
-85.02939,1.0763801
-85.0204,1.0966995
-85.02468,1.0818689
-85.027565,1.0472933
-85.02767,1.0446956
-85.00573,1.0211146
-84.99221,1.0218915
-85.0047,1.031474
-84.99229,1.0340036
-85.00403,1.0464957
-85.01128,1.0846252
-85.01944,1.0688115
-85.02177,1.0246867
-85.010666,1.0402226
-85.01177,1.0398642
-84.976715,1.025115
-84.986916,1.030141
-84.96449,1.025927
-84.94857,1.0431293
-84.95117,1.0793526
-84.967476,1.0743059
-84.95923,1.0522528
-84.96122,1.071148
-84.964714,1.0556902
-84.95284,1.0442438
-84.96119,1.03883
-84.94476,1.0884439
-84.94564,1.1582406
-84.963,1.0933487
-84.940475,1.1073076
-84.89991,1.1925309
-84.89129,1.2023396
-84.92185,1.1571174
-84.92555,1.1269631
-84.88162,1.2025964
-84.86479,1.2547286
-84.87267,1.1954404
-84.88646,1.1933216
-84.89188,1.1650679
-84.87741,1.1313322
-84.88342,1.1038696
-84.92329,1.0727507
-84.91104,1.0621997
-84.88741,1.0746455
-84.87699,1.0842757
-84.8877,1.1119739
-84.870834,1.0930419
-84.89168,1.0545533
-84.90705,1.0437858
-84.89169,1.0664663
-84.872406,1.1151528
-84.85908,1.107734
-84.872734,1.0954444
-84.88634,1.0949639
-84.872215,1.0718304
-84.86728,1.0701638
-84.84705,1.1178694
-84.82168,1.1294495
-84.82194,1.0929981
-84.827515,1.1460074
-84.81477,1.1672382
-84.83523,1.1196643
-84.82432,1.0924058
-84.841095,1.1184973
-84.829094,1.122642
-84.81009,1.1581681
-84.79315,1.1872016
-84.81439,1.1186157
-84.809814,1.1245729
-84.80661,1.1528512
-84.81264,1.126295
-84.81667,1.1566296
-84.80191,1.2009302
-84.79637,1.1748679
-84.79719,1.1747581
-84.79339,1.1804403
-84.808395,1.1431496
-84.81169,1.1119416
-84.814095,1.1053618
-84.78518,1.1368046
-84.77552,1.1255096
-84.74485,1.1429297
-84.75996,1.157296
-84.78941,1.1485361
-84.78633,1.1419221
-84.77429,1.1942092
-84.78716,1.1498806
-84.791565,1.1220713
-84.78138,1.1588405
-84.777435,1.1845984
-84.75633,1.1813043
-84.74305,1.1806718
-84.72646,1.1661297
-84.71909,1.2012159
-84.75308,1.1767792
-84.764565,1.1347948
-84.74332,1.1380135
-84.72131,1.1756233
-84.714424,1.2097672
-84.714264,1.2113827
-84.733345,1.1627036
-84.723564,1.1692746
-84.70765,1.1861373
-84.71827,1.1965885
-84.71718,1.195049
-84.70281,1.1893213
-84.7016,1.1738783
-84.69102,1.1898317
-84.69532,1.181807
-84.68826,1.1822511
-84.6972,1.1910082
-84.66749,1.2640175
-84.62464,1.367738
-84.61939,1.3341324
-84.6498,1.236903
-84.67083,1.1867291
-84.67299,1.1942612
-84.64323,1.2351766
-84.60881,1.2875803
-84.616325,1.2576917
-84.6484,1.2040006
-84.66567,1.1972916
-84.67373,1.2473722
-84.65509,1.2471107
-84.62471,1.2709897
-84.64078,1.2492981
-84.666046,1.2441127
-84.67835,1.2315962
-84.673,1.2124492
-84.64183,1.228872
-84.648155,1.2286943
-84.64802,1.2265345
-84.63644,1.2030518
-84.616486,1.2442975
-84.62861,1.2342368
-84.6451,1.2070925
-84.622856,1.2375191
-84.59206,1.2737768
-84.60167,1.2615702
-84.6253,1.2078301
-84.61337,1.2319018
-84.62689,1.2368431
-84.628914,1.2343031
-84.59653,1.2645829
-84.586075,1.2689238
-84.5882,1.250482
-84.57044,1.2415643
-84.58102,1.2182786
-84.58388,1.2145063
-84.5915,1.246849
-84.60416,1.2409796
-84.597435,1.2225982
-84.59644,1.228199
-84.57202,1.2492235
-84.56911,1.2914076
-84.57253,1.2977973
-84.55737,1.3069985
-84.5777,1.2703559
-84.55739,1.2460934
-84.577156,1.2010847
-84.54671,1.2443451
-84.53739,1.315769
-84.54936,1.2707108
-84.54902,1.237717
-84.5675,1.2285578
-84.54924,1.2071812
-84.54995,1.1901987
-84.54521,1.211227
-84.54155,1.2212721
-84.54442,1.262395
-84.51946,1.2817066
-84.52475,1.247953
-84.50036,1.2469249
-84.50327,1.270952
-84.530426,1.2354801
-84.522606,1.2543263
-84.492455,1.3521831
-84.47545,1.375095
-84.496666,1.2713538
-84.49794,1.2634554
-84.48238,1.2844306
-84.50597,1.2640685
-84.49735,1.2661945
-84.4848,1.2695366
-84.50105,1.2630877
-84.48082,1.2798882
-84.47476,1.2476735
-84.49924,1.2479458
-84.50166,1.270768
-84.48416,1.3124094
-84.45265,1.296761
-84.47762,1.2686014
-84.49708,1.2947241
-84.47951,1.2806308
-84.47625,1.229704
-84.477135,1.2506182
-84.46677,1.2782738
-84.47621,1.2480205
-84.48191,1.2298434
-84.49855,1.2426372
-84.48435,1.286501
-84.48395,1.254582
-84.46367,1.29483
-84.44067,1.3784772
-84.451866,1.3197571
-84.45632,1.2806408
-84.45556,1.2794598
-84.43816,1.2796915
-84.41474,1.3141325
-84.42506,1.3026267
-84.41835,1.3270785
-84.414505,1.3531518
-84.42228,1.272834
-84.439026,1.2480944
-84.45114,1.2518272
-84.43824,1.2630314
-84.41774,1.3000405
-84.43155,1.2822667
-84.40599,1.2849529
-84.40164,1.3387115
-84.38538,1.3523504
-84.40584,1.2766598
-84.4173,1.2701883
-84.40733,1.295295
-84.38693,1.3212054
-84.37596,1.3634115
-84.37848,1.4045653
-84.38383,1.4386016
-84.38713,1.3564622
-84.39092,1.2804484
-84.38656,1.2940702
-84.37805,1.3285058
-84.39252,1.2758018
-84.40599,1.2630515
-84.39741,1.2847903
-84.37877,1.3087682
-84.39801,1.2872239
-84.400894,1.2710099
-84.38842,1.2774963
-84.382614,1.2599494
-84.38582,1.2405894
-84.38192,1.2346731
-84.38034,1.243896
-84.38902,1.2581058
-84.37714,1.3056438
-84.36636,1.2917386
-84.36639,1.2660327
-84.38233,1.2568185
-84.35301,1.2920054
-84.32429,1.3280154
-84.32172,1.3645898
-84.31867,1.3851838
-84.31155,1.4006377
-84.29709,1.4256182
-84.30539,1.4756845
-84.28675,1.4382632
-84.30808,1.314633
-84.32636,1.2612915
-84.33856,1.2920129
-84.32287,1.3018945
-84.333626,1.2946616
-84.295364,1.3083453
-84.32403,1.2840451
-84.332,1.3048145
-84.32229,1.3191426
-84.29307,1.3335015
-84.2957,1.3281467
-84.30526,1.316963
-84.29937,1.2718319
-84.30574,1.2743347
-84.31954,1.2795607
-84.317375,1.2641017
-84.30728,1.2764255
-84.283875,1.3009073
-84.28459,1.2879859
-84.287834,1.3198156
-84.284065,1.3412904
-84.27167,1.3595306
-84.272804,1.3389754
-84.2801,1.3062052
-84.29305,1.2877363
-84.273026,1.3134934
-84.25209,1.3606367
-84.24642,1.3613966
-84.24485,1.2976654
-84.2801,1.2739283
-84.260216,1.2886686
-84.24564,1.2892631
-84.26268,1.3077935
-84.25664,1.316
-84.20153,1.341682
-84.18125,1.3869193
-84.19447,1.45569
-84.18263,1.444715
-84.20589,1.3849218
-84.20819,1.343115
-84.22534,1.3325953
-84.22354,1.3137864
-84.24002,1.278409
-84.23665,1.2674005
-84.22154,1.2736374
-84.21205,1.3202887
-84.21577,1.3214923
-84.21599,1.3183304
-84.22083,1.3192862
-84.18221,1.3582911
-84.14266,1.4167601
-84.160065,1.3831547
-84.20555,1.2977339
-84.21388,1.2583594
-84.18114,1.2707697
-84.18397,1.3150258
-84.191795,1.3427138
-84.16977,1.3397062
-84.17197,1.3658018
-84.17126,1.4155707
-84.163574,1.360158
-84.173965,1.3239411
-84.17489,1.3784838
-84.13595,1.3839177
-84.13957,1.3647156
-84.15455,1.3208591
-84.16708,1.3391426
-84.16106,1.3396521
-84.15962,1.3297021
-84.1334,1.3561314
-84.10924,1.3727345
-84.120514,1.3962113
-84.13547,1.3417958
-84.13833,1.357893
-84.11658,1.4287828
-84.117935,1.411074
-84.11807,1.3486329
-84.13438,1.3569416
-84.14107,1.3478208
-84.14298,1.3220792
-84.14841,1.3035616
-84.14233,1.3012254
-84.15346,1.3148835
-84.124,1.3832815
-84.110085,1.3895596
-84.113914,1.350244
-84.118416,1.3489641
-84.09925,1.3888164
-84.10804,1.382043
-84.11504,1.3302293
-84.12398,1.3062522
-84.12976,1.296808
-84.130066,1.3149022
-84.09436,1.348348
-84.0838,1.3807442
-84.077354,1.383277
-84.09375,1.3795817
-84.09145,1.3695459
-84.09349,1.3051062
-84.09867,1.2922297
-84.0899,1.3683212
-84.067055,1.4101043
-84.055176,1.3846015
-84.06491,1.361855
-84.07497,1.3213791
-84.07156,1.3200446
-84.0755,1.3492031
-84.103096,1.2982721
-84.09964,1.2724129
-84.10698,1.2678461
-84.09279,1.2851758
-84.0819,1.3277333
-84.0673,1.3655413
-84.08536,1.316873
-84.09838,1.3019549
-84.116455,1.2802151
-84.12001,1.2558876
-84.07634,1.2771014
-84.073135,1.3174771
-84.07443,1.3052175
-84.07488,1.3288513
-84.05708,1.3400636
-84.04986,1.322554
-84.03505,1.3565423
-84.02111,1.3701506
-84.04873,1.3156568
-84.02978,1.3319393
-84.03356,1.3377789
-84.05847,1.3104066
-84.0609,1.2986478
-84.06522,1.3191125
-84.05642,1.3235202
-84.03062,1.3238004
-84.021576,1.3541692
-84.00056,1.374202
-84.00477,1.3670003
-83.99257,1.3570248
-83.99741,1.3511282
-84.00738,1.346807
-84.020424,1.3188876
-84.03186,1.3074878
-84.028534,1.3255477
-84.02106,1.3310459
-84.02481,1.3060514
-84.023865,1.2786125
-84.02369,1.2764771
-84.03068,1.2899998
-84.05577,1.3155621
-84.011536,1.347296
-83.958145,1.3851074
-83.96957,1.3587021
-84.01609,1.3406552
-83.99588,1.3442585
-83.97837,1.3742533
-84.008705,1.3458979
-84.00534,1.3200438
-84.01537,1.2865227
-84.00857,1.2870584
-83.982864,1.3152013
-83.97706,1.3632531
-83.98828,1.3756577
-84.00297,1.3379294
-83.9908,1.3449652
-83.96316,1.3710759
-83.994316,1.3145351
-83.99921,1.2552099
-84.01946,1.258974
-83.998314,1.2957292
-83.98116,1.3017576
-83.97771,1.299559
-83.97143,1.2676278
-83.9961,1.2373824
-83.97269,1.2930021
-83.97779,1.3441072
-83.996086,1.3144974
-84.01842,1.2846864
-84.004234,1.2494622
-83.993,1.2679697
-83.9806,1.2768309
-83.99464,1.2923099
-83.9971,1.2714672
-83.99104,1.2592838
-83.981514,1.2795762
-83.97176,1.3059012
-83.95917,1.3111185
-83.96208,1.3103832
-83.985695,1.2909102
-84.00026,1.2778037
-84.02222,1.2801529
-84.00745,1.2582046
-83.97816,1.2884173
-83.95918,1.3613495
-83.91976,1.3973376
-83.948944,1.3228132
-83.97295,1.267114
-83.966324,1.2784736
-83.92598,1.3629596
-83.914154,1.4563383
-83.94407,1.411372
-83.94162,1.3201184
-83.93714,1.3344002
-83.939476,1.3569871
-83.97065,1.2866149
-83.966774,1.2754374
-83.93739,1.3507291
-83.96074,1.3343132
-83.97102,1.2864532
-83.96479,1.2723409
-83.97825,1.277165
-83.974236,1.3112478
-83.96953,1.2869759
-83.973274,1.2832013
-83.94292,1.3033087
-83.95643,1.309982
-83.945335,1.3462925
-83.96154,1.2669737
-83.98686,1.2673603
-83.98353,1.2936
-83.968994,1.3051947
-83.96784,1.3004547
-83.97279,1.3184762
-83.965096,1.3136152
-83.9415,1.3234309
-83.95843,1.3101556
-83.95462,1.2928869
-83.98515,1.283125
-83.98631,1.2715938
-83.96452,1.2629602
-83.97239,1.2554961
-83.95841,1.2462312
-83.94736,1.2423823
-83.96716,1.2523414
-83.97187,1.2691834
-83.97465,1.2558022
-83.952095,1.2784196
-83.92054,1.3297579
-83.92932,1.3168151
-83.97475,1.2784492
-83.98022,1.2854099
-83.96705,1.2475398
-83.97248,1.2567436
-83.9646,1.2970632
-83.952385,1.3178176
-83.94435,1.3171778
-83.94343,1.3231164
-83.947556,1.2875321
-83.966774,1.2675588
-83.98813,1.2464243
-83.977806,1.2564874
-83.96019,1.2745166
-83.959694,1.2364821
-83.952896,1.245712
-83.97075,1.2726492
-83.97097,1.2362156
-83.96654,1.2414773
-83.98521,1.2790134
-83.965546,1.2954948
-83.97033,1.2477236
-83.97778,1.2559566
-83.980576,1.2859008
-83.951805,1.3233681
-83.91461,1.3265791
-83.949585,1.3221588
-83.955826,1.3093559
-83.97348,1.2871882
-83.99072,1.2349019
-83.9843,1.1963028
-83.970535,1.2153581
-83.965614,1.2705032
-83.95006,1.304823
-83.9623,1.2657642
-83.968094,1.246365
-83.97014,1.2251341
-83.97847,1.2349079
-83.99291,1.2200301
-83.97783,1.2383733
-83.95261,1.3290286
-83.94064,1.3152289
-83.95355,1.2415128
-83.974976,1.2034521
-83.965614,1.213238
-83.959465,1.2640246
-83.94965,1.3000238
-83.96536,1.3351966
-83.969864,1.2872206
-83.98711,1.2373376
-83.961205,1.2797415
-83.963425,1.3255155
-83.98018,1.2794468
-83.96629,1.243116
-83.99645,1.2535043
-83.989975,1.2249781
-83.978584,1.2326396
-83.98362,1.2702742
-83.98746,1.2328193
-83.967545,1.2309031
-83.95199,1.271973
-83.96673,1.244565
-83.97828,1.2650598
-83.961136,1.2983446
-83.956635,1.2718223
-83.94603,1.2871478
-83.931564,1.2952275
-83.95067,1.315405
-83.97259,1.2762408
-84.00094,1.2234571
-83.98686,1.2350582
-83.984276,1.2468365
-83.9542,1.2656615
-83.96841,1.250424
-83.97705,1.2008599
-83.988594,1.1936731
-83.99521,1.2201691
-83.98653,1.25912
-83.96256,1.2628064
-83.98439,1.2189001
-83.9863,1.2261578
-84.0024,1.259946
-84.00121,1.2409216
-84.017365,1.2068571
-84.04153,1.1498156
-84.030396,1.1614066
-84.00004,1.2280545
-83.99284,1.2515867
-83.979294,1.273247
-83.9844,1.2531357
-83.97081,1.2799672
-83.948425,1.2943977
-83.94666,1.3064884
-83.94515,1.2703663
-83.96577,1.2332393
-83.99814,1.222736
-83.998955,1.2515136
-83.984436,1.26601
-83.9949,1.2188859
-83.99658,1.2012506
-83.99087,1.2133671
-83.99537,1.1822718
-83.976776,1.2008413
-83.976295,1.2299514
-84.000786,1.1812155
-84.01606,1.1483728
-84.00971,1.2024558
-83.98344,1.2462268
-83.97796,1.2359697
-84.001076,1.2228011
-84.01166,1.2091514
-83.99001,1.236125
-83.97161,1.2633485
-83.98096,1.2710187
-83.95937,1.2666063
-83.98788,1.2248892
-84.031334,1.1704347
-84.03013,1.1291806
-84.03702,1.1227925
-84.03093,1.1207131
-84.00091,1.168987
-83.99322,1.2176453
-83.984184,1.2378088
-83.99721,1.2223785
-84.01971,1.1576695
-84.0149,1.1221843
-84.01814,1.1100682
-84.01356,1.119197
-84.00716,1.1409109
-84.016495,1.1503863
-84.00815,1.1833806
-83.99509,1.1858305
-83.98733,1.2211493
-83.98619,1.2561288
-83.99653,1.1992565
-84.00739,1.1658436
-83.99771,1.1639131
-84.01131,1.1735142
-84.0,1.1885363
-84.00728,1.1851664
-83.96831,1.2406055
-83.9406,1.3037072
-83.989876,1.2199717
-84.000946,1.17163
-83.9588,1.2607832
-83.975784,1.2085464
-83.991585,1.1656939
-83.97482,1.176958
-83.996414,1.1526086
-84.01239,1.1360008
-83.98667,1.1644348
-83.957565,1.2362719
-83.9745,1.2387846
-84.00324,1.3424131
-84.13931,2.673603
-84.6638,3.810815
-84.129265,2.663107
-83.96208,1.3417901
-83.99639,1.1142882
-84.00189,1.1233493
-83.99713,1.1714294
-83.98499,1.1944873
-83.98329,1.2273496
-83.96758,1.1829964
-83.97562,1.1573728
-83.97999,1.1797653
-83.96918,1.2202579
-83.96713,1.2331551
-84.00299,1.1850413
-84.01592,1.142353
-84.03097,1.0983942
-84.02388,1.1163932
-83.98161,1.1669376
-83.99517,1.1528854
-84.015526,1.116545
-84.03057,1.1080283
-84.03379,1.1094574
-84.034134,1.1144257
-84.00067,1.1670102
-83.98223,1.1776327
-84.01391,1.1602337
-84.0365,1.1287982
-84.02888,1.1296145
-84.01871,1.1345448
-84.02693,1.1083872
-84.02799,1.1366851
-84.02216,1.1355325
-84.0229,1.1621124
-83.99414,1.2400707
-83.982445,1.2390841
-84.00907,1.2142524
-83.997925,1.1586027
-84.00299,1.1475105
-84.03052,1.1133786
-84.030396,1.140952
-84.032745,1.1981523
-84.00734,1.1921235
-84.03741,1.1373785
-84.03638,1.1049403
-84.028275,1.1383141
-84.004166,1.1283351
-83.999435,1.0689447
-84.01521,1.0787194
-84.02123,1.1201475
-83.98876,1.1939144
-83.98923,1.2248054
-84.02395,1.1492378
-84.0406,1.1275163
-84.02424,1.1337321
-84.006516,1.1554813
-83.98306,1.1870527
-83.98699,1.1712544
-84.01724,1.1162825
-84.040215,1.1048928
-84.04243,1.1264408
-84.0003,1.1722944
-83.97862,1.2234125
-84.00831,1.1308618
-84.04285,1.1166273
-84.05042,1.1010597
-84.029236,1.1217483
-84.00749,1.1653908
-84.033325,1.1249213
-84.03327,1.1189195
-83.99699,1.1788481
-84.014496,1.1430053
-84.02776,1.1136429
-84.04998,1.1280754
-84.074135,1.1361125
-84.04581,1.1705555
-84.038734,1.1443144
-84.06291,1.0498118
-84.06189,1.025237
-84.0445,1.0498675
-84.028404,1.0951575
-84.04473,1.0857701
-84.04621,1.1047416
-84.034615,1.1431453
-84.038956,1.0985144
-84.0606,1.0629715
-84.04358,1.0645251
-84.03093,1.0946312
-84.03302,1.1575931
-84.04439,1.1068778
-84.029465,1.096853
-84.02023,1.0885652
-84.04428,1.0893781
-84.02511,1.093054
-84.03125,1.0675412
-84.0154,1.075475
-84.02331,1.1208385
-84.00969,1.1452647
-84.02503,1.1432146
-84.04492,1.0746946
-84.02719,1.0709857
-84.021706,1.0834079
-84.02367,1.069074
-84.02309,1.0585101
-84.052605,1.041324
-84.05828,1.0854495
-84.04175,1.1356497
-84.05191,1.0769721
-84.047516,1.036645
-84.0495,1.0434825
-84.0448,1.0824981
-84.0147,1.1065452
-84.00772,1.0881475
-84.04416,1.0727315
-84.0536,1.056959
-84.06743,1.0276213
-84.03894,1.0304506
-84.02263,1.1137398
-84.027534,1.180711
-84.04158,1.1251533
-84.02191,1.1227679
-84.004295,1.1627632
-84.01881,1.0963374
-84.04888,1.0548139
-84.032135,1.0642385
-84.03976,1.1243212
-84.01384,1.1539336
-84.00713,1.1074799
-84.03726,1.082723
-84.03159,1.1083802
-84.00298,1.1824002
-83.99913,1.1556411
-84.01221,1.0912975
-84.02175,1.0951594
-84.03084,1.0483359
-84.04364,1.0398961
-84.017746,1.1287453
-84.01083,1.1449114
-84.048035,1.071745
-84.058624,1.0293167
-84.03605,1.0487604
-84.02501,1.0750108
-84.03381,1.0422839
-84.04646,0.9894775
-84.047,1.0137786
-84.01913,1.0787076
-84.00662,1.1304228
-84.01795,1.1052147
-84.025764,1.077479
-84.0201,1.065262
-84.03593,1.0515012
-84.05629,0.97876525
-84.05885,0.95575684
-84.035614,0.98951495
-84.02398,1.019751
-84.02427,1.0483248
-84.022865,1.0921305
-84.05671,1.0103647
-84.054085,0.9621378
-84.05988,1.0085604
-84.04056,1.050897
-84.02287,1.0602334
-84.0179,1.0837384
-84.00379,1.0733768
-84.00777,1.097029
-84.000084,1.1320966
-84.042496,1.0507722
-84.05844,1.0289989
-84.070694,1.039503
-84.059235,1.0426685
-84.04921,0.99358535
-84.04018,0.97115135
-84.04835,1.022944
-84.020645,1.077811
-84.00966,1.0571257
-83.98494,1.0380166
-83.96584,1.0902096
-83.98483,1.1148038
-84.00712,1.0599841
-84.02416,1.0217845
-84.022026,1.0814278
-84.02241,1.1175805
-84.032585,1.0812873
-84.040855,1.0523096
-84.020195,1.070779
-84.03092,1.0799364
-84.0267,1.0829439
-84.032776,1.1087898
-84.03557,1.0746245
-84.04675,1.0469613
-84.05659,1.0370344
-84.05843,1.0066108
-84.05081,0.96096915
-84.03771,0.9554914
-84.04887,0.96327704
-84.03904,1.0165823
-84.0275,1.0571797
-84.04598,1.024861
-84.05783,1.0184242
-84.04717,0.9924146
-84.04508,0.94880426
-84.04663,0.95996326
-84.05402,0.97292185
-84.0362,0.98752695
-84.02465,1.0069107
-84.04602,0.9831585
-84.03111,1.0061796
-84.04336,1.0236048
-84.05427,1.0208755
-84.06461,0.95354456
-84.06283,0.9531893
-84.048256,0.97329897
-84.042336,0.93891835
-84.04059,0.9219199
-84.04344,0.94933134
-84.03569,1.0264139
-84.023346,1.0710734
-84.03487,1.0155421
-84.046196,1.0162632
-84.04921,1.0364904
-84.04631,0.9809289
-84.058754,0.9797575
-84.047905,1.0175449
-84.021545,1.0136166
-84.005905,1.0176654
-84.013794,1.0135299
-84.051674,0.97020143
-84.06618,0.9229466
-84.04784,0.92894804
-84.038,0.9797474
-84.026405,1.0324667
-84.03136,0.98674446
-84.04787,0.9180301
-84.06689,0.88280714
-84.07583,0.880136
-84.05656,0.9229702
-84.04277,0.98293334
-84.03262,1.0004728
-84.01428,1.0077184
-83.99751,1.0534517
-83.97795,1.1577232
-83.975815,1.224003
-84.0059,1.1028932
-84.04232,0.97717637
-84.06045,0.9525331
-84.04337,0.99541104
-84.05439,1.0068933
-84.05504,1.0015965
-84.023285,0.9624681
-84.017204,0.9582734
-84.02295,0.97183067
-84.04147,0.96597636
-84.05139,0.9347787
-84.06083,0.92053
-84.042046,0.96229905
-84.03078,0.96783423
-84.03465,0.9743141
-84.022194,0.97988313
-84.04233,0.96310616
-84.04573,0.9462073
-84.0298,0.94274193
-84.01118,0.949886
-84.021194,0.92507255
-84.02873,0.949957
-84.02255,0.97928417
-84.064735,0.94106114
-84.05521,0.9310903
-84.03507,0.9218963
-84.02881,0.9226862
-84.03665,0.91840464
-84.05248,0.916808
-84.03664,0.96684575
-84.059105,0.980543
-84.05097,0.937661
-84.03582,0.93552566
-84.02447,0.9780059
-84.04093,1.002565
-84.047134,0.977009
-84.04681,0.91863585
-84.06044,0.86566013
-84.07469,0.8419324
-84.072975,0.8766607
-84.07041,0.9157804
-84.08364,0.9057949
-84.06834,0.90002793
-84.04365,0.9322639
-84.02014,0.985563
-84.03653,0.9736981
-84.01256,1.0065628
-83.99324,1.0309205
-84.01945,0.96649057
-84.0274,0.9494367
-84.04149,0.9439731
-84.03304,0.9585416
-84.04422,0.92524594
-84.042145,0.8941606
-84.03241,0.94821364
-84.03707,0.95885605
-84.04666,0.940002
-84.02461,0.9500754
-84.03827,0.95958734
-84.02379,1.0132582
-84.00645,1.0102166
-84.0326,0.89038783
-84.03769,0.8531472
-84.05303,0.9001329
-84.04722,0.9437001
-84.03356,0.9710661
-84.02554,1.0058998
-84.03314,1.0038079
-84.04398,0.9944792
-84.03084,0.9887514
-84.03257,0.9843266
-84.04588,1.0062246
-84.02951,0.9648856
-84.02194,0.90431416
-84.02391,0.9211521
-84.056694,0.9436697
-84.07342,0.87720513
-84.06328,0.8668135
-84.073395,0.87046725
-84.05553,0.90295625
-84.068146,0.908127
-84.06606,0.88640726
-84.05783,0.8737338
-84.06247,0.92630136
-84.04492,0.99827653
-84.05708,0.9319207
-84.04933,0.9282159
-84.07047,0.89978004
-84.08498,0.8611346
-84.06106,0.88430136
-84.08446,0.9084879
-84.06518,0.9305159
-84.04034,0.9543265
-84.03743,0.92375964
-84.061935,0.86976236
-84.08175,0.8365473
-84.072716,0.86806476
-84.06865,0.912694
-84.06932,0.85893315
-84.0672,0.8819243
-84.05267,0.9617261
-84.07682,0.91592675
-84.08806,0.86085594
-84.075,0.87623256
-84.073586,0.89653385
-84.08392,0.88994336
-84.08213,0.8391053
-84.06509,0.87854826
-84.07393,0.89348185
-84.08423,0.8198641
-84.09231,0.796772
-84.08171,0.81288
-84.0944,0.80060416
-84.08721,0.8010481
-84.08141,0.81088793
-84.0859,0.8597293
-84.10735,0.8616131
-84.104355,0.8599808
-84.07954,0.89421225
-84.08971,0.8435096
-84.1067,0.81837916
-84.0867,0.8547771
-84.07418,0.8819528
-84.08994,0.84161514
-84.1045,0.81095505
-84.10969,0.8190336
-84.111176,0.8388909
-84.11662,0.8897738
-84.1007,0.8981212
-84.09485,0.8356945
-84.09583,0.8374781
-84.08641,0.8819379
-84.09196,0.9461424
-84.08228,0.92026234
-84.08217,0.89773846
-84.080536,0.9127507
-84.0754,0.8833773
-84.05194,0.9837723
-84.070786,0.99299324
-84.09483,0.9158965
-84.11393,0.86760217
-84.115906,0.8368806
-84.09906,0.82626736
-84.10972,0.8114934
-84.10035,0.7862247
-84.09083,0.81156737
-84.093506,0.86918855
-84.09465,0.87512517
-84.09475,0.8351234
-84.11708,0.80177474
-84.1166,0.8004924
-84.11831,0.8132045
-84.10162,0.8261931
-84.103676,0.8020678
-84.09241,0.8571041
-84.060684,0.9112168
-84.08254,0.86546975
-84.12465,0.8008017
-84.11244,0.8513316
-84.08923,0.9212503
-84.08838,0.9298875
-84.12212,0.8245786
-84.135124,0.75129366
-84.14204,0.76949954
-84.13734,0.7861429
-84.12941,0.81487995
-84.12331,0.8417436
-84.11689,0.85021394
-84.12673,0.81925064
-84.12401,0.80285126
-84.11889,0.79364514
-84.11406,0.8124553
-84.14496,0.7857262
-84.14114,0.76748335
-84.146484,0.7704367
-84.13862,0.79867405
-84.15487,0.81927747
-84.16337,0.7862705
-84.16986,0.7501764
-84.17508,0.7537495
-84.14329,0.8147813
-84.12705,0.8863967
-84.1464,0.8762479
-84.15033,0.8727182
-84.164085,0.8482017
-84.17022,0.7660482
-84.17461,0.75701207
-84.17693,0.7543413
-84.18177,0.7822724
-84.17888,0.8320995
-84.18153,0.7648642
-84.19434,0.7360291
-84.16985,0.7125076
-84.179344,0.71458143
-84.17995,0.7186884
-84.1689,0.7485958
-84.16518,0.7615677
-84.15996,0.7496166
-84.165634,0.7689759
-84.203514,0.75325704
-84.223595,0.740735
-84.19366,0.7624736
-84.15731,0.8349551
-84.16162,0.80386025
-84.191475,0.7867149
-84.1954,0.7780387
-84.170074,0.76936007
-84.13799,0.822922
-84.14844,0.8135033
-84.17995,0.76111174
-84.20045,0.74471855
-84.18746,0.765855
-84.18057,0.7686647
-84.16633,0.7676915
-84.195114,0.75078243
-84.20066,0.75619334
-84.19415,0.77928656
-84.19435,0.75102437
-84.2047,0.7097959
-84.21335,0.74784213
-84.18859,0.73577875
-84.19227,0.7001367
-84.18074,0.72858834
-84.16931,0.76408505
-84.1779,0.7532335
-84.19227,0.7523197
-84.190956,0.7811889
-84.18104,0.81863886
-84.176155,0.82725024
-84.19841,0.7755101
-84.21488,0.72927946
-84.22147,0.726336
-84.226265,0.6935336
-84.213684,0.7297412
-84.18182,0.7942118
-84.18744,0.7771502
-84.2073,0.77464825
-84.20674,0.7451424
-84.2329,0.6830213
-84.253395,0.6837134
-84.25758,0.68783116
-84.22996,0.7420404
-84.20882,0.798687
-84.20925,0.7374274
-84.20925,0.74065745
-84.19964,0.7832241
-84.207924,0.74253774
-84.228035,0.72272366
-84.26043,0.7120852
-84.25057,0.6914586
-84.24929,0.69178367
-84.2505,0.70579666
-84.24447,0.71265566
-84.2589,0.6996349
-84.22224,0.68856657
-84.24558,0.70094776
-84.26351,0.6665733
-84.25054,0.6859337
-84.23791,0.76651305
-84.2403,0.7905283
-84.2452,0.7973514
-84.241745,0.7403099
-84.259796,0.7112814
-84.26019,0.72040784
-84.2646,0.6946271
-84.2655,0.72890985
-84.259735,0.72663033
-84.25792,0.68020445
-84.25476,0.68100095
-84.26566,0.69475716
-84.29294,0.6731554
-84.29883,0.652381
-84.29243,0.6314957
-84.27308,0.6451802
-84.27921,0.6397138
-84.285934,0.6409317
-84.278854,0.6827293
-84.26784,0.6549947
-84.27319,0.6583975
-84.26653,0.6997021
-84.26838,0.6887995
-84.25058,0.72651124
-84.2396,0.73019165
-84.28173,0.6707562
-84.29287,0.6417156
-84.29246,0.69673127
-84.28384,0.72517115
-84.270706,0.721645
-84.26243,0.73493564
-84.27535,0.69817835
-84.27071,0.6840116
-84.272446,0.6937198
-84.28667,0.7104643
-84.280365,0.68361056
-84.27488,0.6896737
-84.26911,0.6630776
-84.291046,0.6497268
-84.27724,0.65448606
-84.27321,0.70715404
-84.26642,0.7427833
-84.28701,0.69949913
-84.27541,0.72620714
-84.248825,0.7680733
-84.26878,0.7278861
-84.276634,0.77676
-84.26854,0.7835271
-84.28073,0.7073114
-84.28196,0.6813956
-84.29448,0.6718754
-84.31794,0.6724351
-84.31426,0.65302676
-84.29487,0.6655357
-84.30126,0.70719475
-84.30993,0.68104637
-84.30353,0.6917851
-84.30991,0.7408054
-84.304726,0.7481649
-84.276474,0.77669793
-84.30391,0.709462
-84.33645,0.62400466
-84.33475,0.61755407
-84.33231,0.6264997
-84.31832,0.6541972
-84.296646,0.6739991
-84.32594,0.62360036
-84.31869,0.6040508
-84.31529,0.6540387
-84.32426,0.6576556
-84.325745,0.64691323
-84.320366,0.6706188
-84.32501,0.66702163
-84.32928,0.62520033
-84.33036,0.6374984
-84.340614,0.6293864
-84.31329,0.63029605
-84.335144,0.6311327
-84.33596,0.6589897
-84.32704,0.70201325
-84.33479,0.69627327
-84.33321,0.6658785
-84.334564,0.70808595
-84.34339,0.63569313
-84.35096,0.5829002
-84.34538,0.5901045
-84.34378,0.6259033
-84.35093,0.6420642
-84.35295,0.6336047
-84.352036,0.62983257
-84.359665,0.6164213
-84.34933,0.58377326
-84.34344,0.57943726
-84.35839,0.60025054
-84.33816,0.6722695
-84.33843,0.6860491
-84.358635,0.6139016
-84.35765,0.60676706
-84.352264,0.63229036
-84.35434,0.64102507
-84.36334,0.6359607
-84.37489,0.6178256
-84.358864,0.5926415
-84.34597,0.59557444
-84.33443,0.5946649
-84.33862,0.59842634
-84.34894,0.63904077
-84.32447,0.6585919
-84.344795,0.62133324
-84.372,0.5911589
-84.352776,0.58306354
-84.35045,0.637329
-84.332275,0.7135134
-84.35103,0.7144959
-84.35655,0.66808087
-84.357445,0.6337844
-84.3627,0.584509
-84.35424,0.5573333
-84.35501,0.5733872
-84.35243,0.59635735
-84.36221,0.56184685
-84.3508,0.58995134
-84.34048,0.65346444
-84.34366,0.6360782
-84.34033,0.5818738
-84.35396,0.577656
-84.38068,0.6024494
-84.386116,0.6041206
-84.3674,0.5980279
-84.35311,0.5886711
-84.367,0.5956252
-84.365005,0.5622495
-84.3507,0.55362296
-84.33578,0.54883254
-84.35141,0.5817667
-84.33425,0.644026
-84.34231,0.6389696
-84.32821,0.62831223
-84.34004,0.60749906
-84.34859,0.64580256
-84.32899,0.664217
-84.322044,0.646808
-84.316,0.6291261
-84.34526,0.5853543
-84.35085,0.59056985
-84.35201,0.5961759
-84.35819,0.61032856
-84.34565,0.6668537
-84.35665,0.6442787
-84.35496,0.58672905
-84.34256,0.63145447
-84.33245,0.6368379
-84.3468,0.5883158
-84.32349,0.5992715
-84.33638,0.5734359
-84.34378,0.5616552
-84.33149,0.594281
-84.33584,0.6089681
-84.333664,0.59730196
-84.366005,0.5729826
-84.358284,0.57409877
-84.36687,0.5751227
-84.354774,0.5424004
-84.34966,0.518567
-84.35198,0.543236
-84.34313,0.5783693
-84.35258,0.57710916
-84.35966,0.53815633
-84.358604,0.5227673
-84.343056,0.56580025
-84.34723,0.58777463
-84.3484,0.55645925
-84.34369,0.5191299
-84.332985,0.50044835
-84.351,0.5456997
-84.32917,0.5836853
-84.318115,0.58767545
-84.3321,0.5344811
-84.32854,0.512656
-84.346596,0.48997745
-84.33956,0.49485508
-84.353584,0.51809096
-84.33971,0.50889754
-84.32691,0.52332443
-84.33782,0.52081937
-84.33452,0.54963654
-84.32552,0.6005265
-84.33076,0.5701188
-84.31833,0.5548197
-84.317024,0.5526511
-84.33571,0.52377975
-84.35208,0.51787484
-84.320885,0.54966855
-84.31564,0.5594938
-84.308136,0.54766315
-84.31003,0.52163875
-84.33283,0.53045815
-84.337975,0.5198854
-84.32695,0.505273
-84.31832,0.5217516
-84.3223,0.5346506
-84.32319,0.5269375
-84.3323,0.53378487
-84.327415,0.5101431
-84.32774,0.52309585
-84.32723,0.5162175
-84.32019,0.5352284
-84.29806,0.54243773
-84.29194,0.5127294
-84.2922,0.5366199
-84.30098,0.56599224
-84.323044,0.5122705
-84.32946,0.4620863
-84.30571,0.510769
-84.2949,0.55852604
-84.283615,0.53709733
-84.27817,0.5872952
-84.27775,0.6352856
-84.27777,0.5633034
-84.3118,0.5022271
-84.316986,0.48568758
-84.28433,0.50171065
-84.29224,0.513243
-84.29287,0.5269096
-84.29796,0.544488
-84.3026,0.510235
-84.29964,0.51271963
-84.31337,0.49398547
-84.31261,0.47987247
-84.29787,0.50762856
-84.30558,0.51741165
-84.272835,0.5172757
-84.28308,0.5292067
-84.28459,0.4815204
-84.2737,0.46339872
-84.26082,0.48114493
-84.24869,0.5119665
-84.28105,0.50049573
-84.26783,0.47682944
-84.25116,0.47647476
-84.24228,0.49822873
-84.260574,0.4951672
-84.25938,0.46988663
-84.236145,0.4887522
-84.22121,0.53179455
-84.209015,0.5814726
-84.22148,0.55827916
-84.24524,0.49514654
-84.259995,0.46752933
-84.26025,0.4645848
-84.24024,0.49010456
-84.246315,0.48481676
-84.23272,0.4814619
-84.220695,0.4644916
-84.2087,0.49198702
-84.24219,0.51224434
-84.22964,0.49374652
-84.2153,0.48297775
-84.19534,0.48312297
-84.19427,0.46925524
-84.20255,0.45010817
-84.21013,0.44595915
-84.1869,0.46248028
-84.17187,0.48820406
-84.18394,0.5037807
-84.191246,0.5085029
-84.16867,0.5215797
-84.19618,0.5068622
-84.20274,0.48375487
-84.20928,0.4826024
-84.21498,0.45664948
-84.175644,0.48261458
-84.17795,0.4916695
-84.21272,0.4579946
-84.2054,0.47819355
-84.18057,0.510038
-84.18302,0.50348866
-84.16755,0.47571662
-84.15657,0.47119436
-84.1483,0.48162833
-84.16311,0.49258283
-84.161156,0.5031606
-84.158676,0.47536814
-84.17089,0.45847556
-84.156654,0.48765546
-84.14398,0.50944024
-84.13731,0.50067663
-84.14897,0.46926716
-84.141426,0.46786097
-84.135475,0.48164198
-84.12882,0.49794123
-84.12529,0.5228796
-84.10489,0.5095624
-84.11575,0.531307
-84.127464,0.5149847
-84.11686,0.49284485
-84.105125,0.49337626
-84.091385,0.51683515
-84.08638,0.51774603
-84.070114,0.51288915
-84.08081,0.52235633
-84.09221,0.48953968
-84.0851,0.4997757
-84.08198,0.49745664
-84.091705,0.5055158
-84.0787,0.5000743
-84.05257,0.489764
-84.05656,0.48873293
-84.06975,0.46525502
-84.06523,0.47916856
-84.07262,0.49112162
-84.04364,0.51272804
-84.03333,0.53145945
-84.02516,0.5704063
-84.040794,0.5651559
-84.03984,0.5205574
-84.07153,0.49192864
-84.06156,0.4893044
-84.0347,0.48010424
-84.008606,0.51039225
-83.99662,0.5230435
-84.00451,0.5307024
-84.00836,0.5094429
-84.026825,0.491575
-83.999176,0.5254878
-84.00257,0.5178697
-84.01778,0.47740605
-84.006615,0.4585374
-83.98498,0.48399296
-83.98546,0.5246106
-83.99194,0.51300335
-83.98219,0.51787287
-83.97052,0.53811127
-83.97185,0.51200795
-83.95194,0.55863184
-83.94242,0.55658364
-83.97524,0.5147136
-83.9899,0.51781917
-83.95637,0.52660275
-83.93982,0.53008294
-83.94601,0.5314666
-83.96195,0.5090419
-83.98583,0.5081864
-83.96945,0.5108383
-83.95628,0.48457363
-83.94068,0.5058382
-83.93535,0.5381781
-83.893776,0.5670093
-83.88493,0.5539055
-83.89654,0.54161185
-83.90379,0.5297824
-83.90666,0.5228128
-83.89681,0.57270926
-83.87683,0.54516834
-83.89366,0.50630283
-83.90229,0.50868785
-83.886505,0.5398232
-83.869514,0.57088435
-83.84829,0.5768796
-83.842735,0.52810174
-83.86992,0.49382943
-83.869705,0.50464106
-83.85988,0.5110988
-83.87119,0.4727903
-83.86339,0.46699163
-83.845985,0.48666912
-83.85224,0.49532738
-83.84358,0.52194715
-83.80802,0.55789113
-83.79901,0.5292525
-83.807465,0.5253132
-83.79314,0.52608335
-83.79253,0.5354797
-83.79009,0.5369137
-83.80244,0.514346
-83.80073,0.5185515
-83.780235,0.53842986
-83.770096,0.5541378
-83.73705,0.5923723
-83.75129,0.5430896
-83.76159,0.53108764
-83.75432,0.5435055
-83.75562,0.54195744
-83.73982,0.5447405
-83.74032,0.5668092
-83.73038,0.58578
-83.710724,0.6141599
-83.70541,0.6051274
-83.709366,0.570648
-83.72522,0.54729986
-83.73405,0.54079986
-83.703865,0.60930735
-83.68259,0.6234087
-83.67587,0.6345969
-83.68159,0.6385562
-83.64056,0.7266357
-83.65074,0.6564057
-83.66436,0.5900437
-83.645164,0.65008044
-83.62301,0.70973915
-83.64587,0.6477452
-83.69937,0.5027737
-83.7096,0.47509494
-83.666084,0.5352755
-83.61253,0.591341
-83.61782,0.6143893
-83.61173,0.6172019
-83.62083,0.5920444
-83.63521,0.5471243
-83.651794,0.5285888
-83.62467,0.5741986
-83.59746,0.5931909
-83.594154,0.61259484
-83.58281,0.6093505
-83.57061,0.6147059
-83.56882,0.59890544
-83.587204,0.56125265
-83.561646,0.6223928
-83.52397,0.74999416
-83.51257,0.77088886
-83.504,0.68185896
-83.485954,0.6983546
-83.48132,0.70913756
-83.51081,0.66569674
-83.50511,0.66118884
-83.48661,0.6745829
-83.49046,0.61591357
-83.5062,0.6333616
-83.47859,0.7441588
-83.45748,0.7214472
-83.46584,0.67812186
-83.46824,0.6716348
-83.47844,0.6598156
-83.4771,0.5824838
-83.46312,0.6036125
-83.43624,0.6522562
-83.42931,0.6715318
-83.46735,0.576252
-83.460655,0.61889166
-83.40623,0.73432726
-83.43737,0.6061585
-83.44762,0.54684657
-83.42651,0.56534445
-83.40689,0.5981254
-83.383026,0.6693521
-83.36888,0.6629083
-83.37237,0.6021597
-83.40507,0.5843314
-83.3935,0.6392581
-83.3798,0.59711796
-83.35345,0.6474406
-83.34169,0.65656877
-83.34855,0.6278609
-83.34307,0.66076505
-83.28046,0.7751735
-83.24077,0.84730405
-83.26053,0.7841768
-83.27706,0.7416914
-83.30063,0.7164903
-83.309166,0.6805011
-83.30685,0.70797175
-83.32384,0.66459435
-83.32573,0.66034895
-83.27674,0.7257278
-83.22899,0.8249032
-83.225784,0.78960526
-83.258194,0.7214026
-83.25729,0.6597532
-83.23808,0.67689925
-83.17359,0.80709803
-83.19416,0.72835124
-83.24572,0.6398228
-83.24937,0.6272351
-83.24188,0.5978617
-83.221245,0.60846764
-83.21929,0.61649346
-83.21876,0.6490287
-83.202385,0.66826135
-83.17178,0.6944849
-83.153725,0.7357628
-83.14885,0.67752457
-83.16691,0.6086199
-83.16809,0.65005624
-83.11457,0.73305756
-83.08646,0.77301586
-83.11313,0.8352632
-83.09245,0.8669443
-83.16116,0.6867134
-83.20108,0.57254404
-83.15479,0.63382024
-83.08928,0.74367946
-83.08395,0.8017068
-83.10539,0.746928
-83.08605,0.7276629
-83.09091,0.70180994
-83.08931,0.6842319
-83.08605,0.66593087
-83.032715,0.70777696
-83.01562,0.8232642
-83.03172,0.787023
-83.02978,0.7789393
-83.033035,0.6991937
-82.98371,0.8363086
-82.93977,1.0155058
-82.98408,0.8482669
-83.01176,0.76586795
-83.01797,0.701122
-82.94385,0.74832326
-82.86864,0.9410544
-82.929474,0.7930799
-82.972374,0.750877
-82.93887,0.76314265
-82.93895,0.73753726
-82.92861,0.79214007
-82.88143,0.86202073
-82.84081,0.91904277
-82.84733,0.93729734
-82.87314,0.8282679
-82.91222,0.8093686
-82.932816,0.7760361
-82.9268,0.72414196
-82.89066,0.820244
-82.866295,0.8195048
-82.841675,0.8525668
-82.79282,0.9708097
-82.798965,0.8338321
-82.835045,0.7536543
-82.85485,0.72703236
-82.792755,0.90430033
-82.723656,1.1238257
-82.7761,0.9112309
-82.793755,0.8040306
-82.736725,0.9105952
-82.70998,0.9348123
-82.686874,0.9534432
-82.73302,0.91580886
-82.79362,0.7793013
-82.77229,0.75300384
-82.74921,0.76935214
-82.73482,0.8189799
-82.71937,0.8437496
-82.676575,0.9701649
-82.67523,0.9404251
-82.72046,0.7273515
-82.76056,0.63617694
-82.74875,0.71345705
-82.67664,0.9041833
-82.66082,0.87228477
-82.667496,0.8390238
-82.643364,0.8858161
-82.66395,0.8681398
-82.66194,0.8564815
-82.60102,0.94184077
-82.57419,0.98415095
-82.58061,0.94818735
-82.569626,0.9061544
-82.57766,0.8614592
-82.60771,0.7904926
-82.60751,0.7993428
-82.57187,0.88055515
-82.541756,0.951279
-82.52057,0.93369466
-82.49151,0.9928094
-82.48592,1.0843021
-82.507545,1.0184321
-82.543365,0.8698779
-82.53537,0.8918261
-82.49438,0.9726276
-82.460945,0.980632
-82.48823,0.9192173
-82.52233,0.8715632
-82.485176,0.9568362
-82.42121,1.0304508
-82.44036,0.92389333
-82.39108,1.0056629
-82.34939,1.1129181
-82.36294,1.1326225
-82.35599,1.1493245
-82.37752,1.1729944
-82.406006,1.00657
-82.38182,1.0397747
-82.3382,1.1153108
-82.41957,0.89055955
-82.48342,0.7781861
-82.46815,0.8788191
-82.471924,0.8109022
-82.42918,0.84998435
-82.36889,0.9453699
-82.31864,1.0383245
-82.28315,1.0917577
-82.32045,0.9981151
-82.350395,0.8830042
-82.30167,1.0669068
-82.2257,1.2807466
-82.24171,1.0993652
-82.295395,0.94417834
-82.31076,0.93586034
-82.30399,0.9640652
-82.29056,0.99671394
-82.24573,1.0484416
-82.18759,1.1882404
-82.20328,1.1198535
-82.21453,1.1076156
-82.191864,1.1287042
-82.20961,1.0823588
-82.26643,0.898877
-82.263565,0.8865753
-82.226746,0.9688938
-82.17062,1.07252
-82.10577,1.1986841
-82.11775,1.1781644
-82.13379,1.1796914
-82.11356,1.1973684
-82.11204,1.2188693
-82.094925,1.1937286
-82.142265,1.0020106
-82.18738,0.8742696
-82.16971,0.9242103
-82.153885,1.0141408
-82.10459,1.069109
-82.05705,1.153994
-82.05662,1.1376239
-82.112915,0.99774235
-82.116745,0.94352293
-82.09961,0.99872655
-82.07255,1.0332309
-82.03635,1.0893645
-81.98763,1.2112905
-81.9633,1.2937223
-82.02177,1.1304431
-82.07575,0.9048458
-82.05175,0.9783103
-81.98767,1.1581452
-81.95963,1.2797492
-81.95619,1.2488284
-82.001755,1.0379715
-81.98133,1.1113235
-81.86132,1.3780758
-81.860916,1.3310667
-81.89917,1.2270143
-81.917816,1.1815801
-81.89792,1.2214965
-81.94561,1.0744684
-81.93602,1.1204362
-81.93746,1.0864228
-81.95348,1.0497885
-81.94217,1.059023
-81.953224,1.0014871
-81.95271,0.98858166
-81.88444,1.1318983
-81.82408,1.2460897
-81.829414,1.2006556
-81.79375,1.2104164
-81.72878,1.3594694
-81.76533,1.2913921
-81.85159,1.0738734
-81.859726,1.0160916
-81.84262,1.0372998
-81.824425,1.1410029
-81.76177,1.2727209
-81.76804,1.2653836
-81.80624,1.1389467
-81.80101,1.133538
-81.8001,1.0769222
-81.78395,1.1342953
-81.75334,1.1767151
-81.75708,1.1471965
-81.7956,1.1095858
-81.80054,1.0829948
-81.77385,1.0757483
-81.78204,1.0324329
-81.808685,0.9312553
-81.8102,0.92229617
-81.728874,1.0673378
-81.62832,1.3220161
-81.616425,1.3463418
-81.6228,1.313508
-81.64347,1.2722378
-81.62975,1.3297229
-81.64011,1.2959696
-81.62532,1.2983639
-81.6795,1.1372174
-81.68048,1.0886518
-81.62747,1.2350795
-81.61473,1.255777
-81.65069,1.1830652
-81.604836,1.2682819
-81.569046,1.3844668
-81.62055,1.2367389
-81.649925,1.1451138
-81.620125,1.1594474
-81.59078,1.2145787
-81.56881,1.2710361
-81.533195,1.3127054
-81.56481,1.1921657
-81.591225,1.176882
-81.58733,1.2363402
-81.56742,1.3403965
-81.57823,1.293915
-81.54149,1.2739769
-81.50617,1.388817
-81.53564,1.2871976
-81.53751,1.2254679
-81.50893,1.2454463
-81.569595,1.0670353
-81.61071,0.99575406
-81.56978,1.1171134
-81.51505,1.2406236
-81.47261,1.2851565
-81.44059,1.3510567
-81.449295,1.3337113
-81.479996,1.179215
-81.49628,1.1970456
-81.491974,1.2221795
-81.557785,1.0237479
-81.58124,0.9482014
-81.55962,0.9871683
-81.47014,1.1503903
-81.39769,1.3272159
-81.41349,1.3149824
-81.46009,1.1800857
-81.52378,1.0362159
-81.49468,1.100937
-81.44408,1.2080429
-81.405235,1.2867348
-81.35485,1.4185168
-81.356514,1.4295245
-81.33657,1.4734095
-81.37986,1.3111093
-81.39618,1.302222
-81.384926,1.3274816
-81.41871,1.2848911
-81.35933,1.4143881
-81.31917,1.5181513
-81.35146,1.4117527
-81.3502,1.4004252
-81.358086,1.3903822
-81.347565,1.4080262
-81.34602,1.4092473
-81.363,1.3923612
-81.36884,1.2988858
-81.39879,1.2651192
-81.400375,1.2377687
-81.40516,1.1849959
-81.43239,1.152152
-81.43866,1.1694121
-81.39562,1.2245607
-81.391975,1.2368642
-81.39413,1.254522
-81.40655,1.1827137
-81.47342,0.9970676
-81.46533,0.9842814
-81.419395,1.1011137
-81.3638,1.2430888
-81.32551,1.3240519
-81.311066,1.4212104
-81.370674,1.2457517
-81.37811,1.1759659
-81.371666,1.2245502
-81.37164,1.1851616
-81.39494,1.1953378
-81.4101,1.1593007
-81.4177,1.1035494
-81.3993,1.138784
-81.36665,1.2359178
-81.3559,1.2283225
-81.32226,1.3674558
-81.27824,1.4376
-81.25916,1.5481571
-81.30228,1.440857
-81.399925,1.176902
-81.46182,1.0363631
-81.496185,0.9997327
-81.44651,1.0931076
-81.3666,1.3130804
-81.371376,1.3095418
-81.3566,1.3446684
-81.36153,1.3514476
-81.42371,1.2179896
-81.44685,1.0896842
-81.426186,1.053775
-81.43493,1.1229825
-81.473366,1.0928515
-81.43182,1.2276572
-81.415695,1.2489072
-81.38561,1.3346233
-81.32814,1.53216
-81.333595,1.4635918
-81.34454,1.3829387
-81.33374,1.441141
-81.38386,1.3070103
-81.39878,1.3312627
-81.40999,1.338575
-81.45413,1.2007746
-81.43363,1.2656667
-81.38758,1.3719134
-81.35639,1.4284039
-81.40179,1.3212335
-81.51858,1.0976874
-81.59091,1.0390992
-81.55552,1.0561175
-81.46679,1.2470485
-81.43706,1.3539686
-81.439476,1.3808087
-81.430405,1.4371808
-81.49445,1.3099399
-81.57357,1.1173618
-81.56529,1.1628678
-81.56898,1.1411885
-81.57036,1.1639664
-81.56819,1.1602763
-81.559456,1.2379432
-81.57793,1.2461655
-81.61564,1.1391848
-81.596176,1.2195393
-81.57516,1.3925687
-81.534836,1.4601479
-81.51843,1.4535551
-81.59428,1.2329154
-81.64374,1.140385
-81.66994,1.1160439
-81.71488,1.0622585
-81.71627,1.146527
-81.727234,1.1224333
-81.66316,1.2500348
-81.6878,1.2065724
-81.69957,1.1757681
-81.71211,1.1907474
-81.779305,1.0887437
-81.808846,1.0619681
-81.76216,1.2420878
-81.794464,1.1825362
-81.82878,1.1046678
-81.85639,1.024993
-81.89011,0.97198135
-81.87296,1.0335578
-81.86853,1.0877912
-81.89463,1.1201854
-81.93304,1.0324944
-81.929344,1.0627569
-81.922134,1.1204563
-81.96059,1.114129
-81.97412,1.1055678
-81.99862,1.1219865
-81.973076,1.1860923
-81.935104,1.3229502
-81.99467,1.1590245
-82.031166,1.1151781
-81.99244,1.3132881
-82.02381,1.2592988
-82.11339,1.0836388
-82.13089,1.094867
-82.10077,1.1636227
-82.11572,1.1302551
-82.14309,1.1035705
-82.15496,1.1011361
-82.17182,1.1537607
-82.25064,0.9872267
-82.30395,0.91011184
-82.25399,1.1027731
-82.23915,1.2016987
-82.22474,1.3066162
-82.23791,1.2988442
-82.274956,1.1533669
-82.35405,0.99984914
-82.398994,0.95718235
-82.37685,1.0635588
-82.3618,1.1696423
-82.39939,1.0855672
-82.42483,1.0685972
-82.41397,1.2368269
-82.44159,1.1985451
-82.507744,1.0738124
-82.5522,1.0574623
-82.54026,1.135562
-82.60737,1.063156
-82.59993,1.0350908
-82.615395,1.0178518
-82.7072,0.8506112
-82.76887,0.7654064
-82.7607,0.7938667
-82.776825,0.8129574
-82.79684,0.85527325
-82.80303,0.94542956
-82.76722,1.12173
-82.788376,1.0410154
-82.86215,0.86054265
-82.88643,0.9233411
-82.91311,0.88125867
-82.943756,0.8319254
-82.931694,0.87263304
-82.93558,0.98442435
-82.96125,0.98573345
-82.98545,1.032128
-83.0422,0.8726766
-83.08607,0.7929664
-83.12076,0.82171804
-83.13856,0.787023
-83.15639,0.8098078
-83.18073,0.81470156
-83.18386,0.83648217
-83.19611,0.83969307
-83.20991,0.8368727
-83.23877,0.8897329
-83.27873,0.80293643
-83.30248,0.72960275
-83.327896,0.78772575
-83.35482,0.8520939
-83.39273,0.7911201
-83.41164,0.83321595
-83.41336,0.89009404
-83.4012,0.94949055
-83.386055,1.0541322
-83.41862,1.0283805
-83.49917,0.8395326
-83.56374,0.7117309
-83.601845,0.711147
-83.599594,0.7326546
-83.578316,0.8001101
-83.61241,0.7956178
-83.64399,0.820536
-83.657166,0.8021885
-83.69016,0.74909014
-83.732376,0.71390444
-83.77298,0.69195026
-83.8177,0.6585482
-83.838615,0.67993766
-83.861305,0.66724664
-83.88988,0.65949243
-83.9149,0.6579138
-83.912674,0.6666809
-83.908424,0.69571483
-83.935455,0.7338663
-83.96528,0.717339
-83.996574,0.7387222
-84.032265,0.6535701
-84.01811,0.7195271
-84.019485,0.7094488
-84.0701,0.7412897
-84.09542,0.6553976
-84.12199,0.5794057
-84.1641,0.59118813
-84.197685,0.6100649
-84.22399,0.61467314
-84.24625,0.5963212
-84.26924,0.5706566
-84.26515,0.60532755
-84.295166,0.62472415
-84.30113,0.6313202
-84.291466,0.68950254
-84.32338,0.6993603
-84.35793,0.6603736
-84.38794,0.64437455
-84.425934,0.584139
-84.4649,0.58193785
-84.46249,0.5525396
-84.42514,0.6336734
-84.41364,0.78233427
-84.44386,0.77347463
-84.52315,0.6579846
-84.55929,0.643652
-84.571144,0.59499925
-84.61107,0.54454446
-84.59637,0.56982005
-84.61906,0.53604925
-84.64191,0.4871077
-84.647255,0.53230685
-84.6703,0.5586683
-84.71543,0.4849063
-84.75813,0.48341125
-84.7631,0.504585
-84.77302,0.4822578
-84.78275,0.459328
-84.81423,0.47834387
-84.814445,0.48056954
-84.83649,0.4613441
-84.848366,0.49487582
-84.86482,0.53613615
-84.88375,0.53099775
-84.89422,0.5514564
-84.92905,0.47669864
-84.93923,0.4438816
-84.93676,0.46691322
-84.93908,0.4789019
-84.98419,0.45941868
-85.01667,0.5537082
-85.03315,0.5833525
-85.041954,0.4969458
-85.06416,0.43987605
-85.07198,0.41948384
-85.086525,0.3953043
-85.108025,0.3832552
-85.10783,0.41391492
-85.092575,0.47148362
-85.12528,0.48599207
-85.15691,0.47967944
-85.14228,0.522832
-85.15772,0.5261073
-85.173065,0.47848654
-85.1661,0.51692027
-85.17478,0.5092219
-85.21877,0.45703205
-85.23261,0.45814815
-85.21866,0.49349764
-85.25393,0.42914218
-85.27266,0.40492976
-85.279396,0.42781258
-85.24874,0.4832961
-85.25574,0.5229977
-85.273605,0.5162303
-85.295555,0.45698783
-85.33781,0.3992963
-85.34126,0.37282053
-85.31,0.41516134
-85.30249,0.48363718
-85.344864,0.4497067
-85.36171,0.42764023
-85.355064,0.4450499
-85.38928,0.44874868
-85.40847,0.42048952
-85.409,0.41257715
-85.400475,0.4832278
-85.38566,0.49451485
-85.4314,0.4047342
-85.44864,0.4146569
-85.44274,0.48537955
-85.45957,0.43964198
-85.47036,0.3987464
-85.46833,0.43041542
-85.45093,0.47743127
-85.480286,0.43719715
-85.50031,0.380498
-85.50723,0.37377608
-85.50644,0.3913824
-85.52084,0.4032316
-85.54675,0.39454103
-85.5707,0.34443286
-85.56248,0.3612868
-85.52671,0.42619827
-85.5305,0.44016162
-85.53846,0.43159166
-85.571396,0.38429025
-85.58927,0.36193246
-85.57692,0.39692116
-85.584564,0.38744783
-85.58503,0.41130054
-85.57704,0.45829654
-85.61311,0.42239156
-85.62518,0.4413291
-85.63979,0.38544852
-85.62693,0.39593986
-85.620094,0.39771023
-85.62679,0.4278643
-85.59314,0.53195316
-85.5828,0.535838
-85.58163,0.4666151
-85.614235,0.42421225
-85.64174,0.41884923
-85.62818,0.44242194
-85.6445,0.4276397
-85.67092,0.41877383
-85.67207,0.4288006
-85.6547,0.39962834
-85.66309,0.39790282
-85.65598,0.39288488
-85.65039,0.47906002
-85.6217,0.57601523
-85.6422,0.5162808
-85.66707,0.48072723
-85.67223,0.45182285
-85.701706,0.36212707
-85.70663,0.34722543
-85.689545,0.3971373
-85.65146,0.50202125
-85.64309,0.54008824
-85.678345,0.5019662
-85.67115,0.47686136
-85.69479,0.46110186
-85.69852,0.5051235
-85.695625,0.43632174
-85.69941,0.45061758
-85.66826,0.5178287
-85.677055,0.48001784
-85.69401,0.49913457
-85.6942,0.54673266
-85.71485,0.4712369
-85.70608,0.45921806
-85.70812,0.45893836
-85.72559,0.3736957
-85.72032,0.3625107
-85.71695,0.36058316
-85.7202,0.38494363
-85.6932,0.42203775
-85.71109,0.4643478
-85.731834,0.47152236
-85.72023,0.47808677
-85.71171,0.4840252
-85.753365,0.4100537
-85.75902,0.39151594
-85.73983,0.4088348
-85.73729,0.44001096
-85.69825,0.57487476
-85.67421,0.67250997
-85.66332,0.59761584
-85.69229,0.4923007
-85.71891,0.4470318
-85.720184,0.4625295
-85.714195,0.43115944
-85.70604,0.44926944
-85.68493,0.49538726
-85.696106,0.5007795
-85.68747,0.5331696
-85.67763,0.5982971
-85.69181,0.5236621
-85.70516,0.57372254
-85.6963,0.6539874
-85.73438,0.5619256
-85.74591,0.45133922
-85.753975,0.42234123
-85.76254,0.39923617
-85.75432,0.3983072
-85.71412,0.46078703
-85.710495,0.528663
-85.6857,0.5436236
-85.678665,0.5286458
-85.69461,0.48452657
-85.71701,0.51673985
-85.73622,0.491346
-85.70745,0.54400796
-85.69305,0.60125273
-85.69143,0.5571187
-85.69968,0.51908875
-85.69036,0.564045
-85.6828,0.5997868
-85.66422,0.6772078
-85.66131,0.6935142
-85.66483,0.5920268
-85.641464,0.6172956
-85.64316,0.5786539
-85.66636,0.5033601
-85.653366,0.51600844
-85.652695,0.5149365
-85.62618,0.5672241
-85.60386,0.67757416
-85.61969,0.61793697
-85.62449,0.65558773
-85.642395,0.5973107
-85.65429,0.5797121
-85.68736,0.49340367
-85.69668,0.45247635
-85.65607,0.5392642
-85.63093,0.6117285
-85.632744,0.61197317
-85.64196,0.5302704
-85.68378,0.43832707
-85.705666,0.4135012
-85.681,0.45201114
-85.662025,0.5171412
-85.65318,0.5220598
-85.66002,0.5858211
-85.632744,0.71331286
-85.63019,0.711417
-85.63549,0.64790046
-85.64536,0.5735736
-85.64745,0.53210866
-85.67003,0.47182435
-85.66855,0.4941186
-85.63701,0.57318103
-85.61403,0.5822229
-85.590034,0.6443182
-85.56313,0.73258036
-85.58738,0.6410105
-85.60867,0.61843586
-85.61345,0.62557197
-85.60583,0.61611515
-85.654816,0.5618813
-85.63268,0.5980091
-85.58756,0.7263092
-85.56699,0.70255387
-85.60645,0.6373891
-85.624466,0.5589996
-85.64603,0.50553423
-85.605225,0.60080075
-85.56602,0.7207765
-85.575,0.63696647
-85.57869,0.60173386
-85.566444,0.6613372
-85.5883,0.63878274
-85.6163,0.54437137
-85.605125,0.53050673
-85.57278,0.6340887
-85.570694,0.65125746
-85.55684,0.6695674
-85.56679,0.6067958
-85.55217,0.62852323
-85.55296,0.7158905
-85.55206,0.718251
-85.58329,0.5451155
-85.6179,0.44888625
-85.62109,0.44113642
-85.60493,0.49986854
-85.5731,0.5745021
-85.56278,0.66344273
-85.56548,0.6698817
-85.55498,0.64697826
-85.55617,0.62688667
-85.57093,0.6427759
-85.567955,0.61508113
-85.54269,0.596029
-85.52843,0.6093011
-85.5204,0.7350945
-85.52652,0.73515916
-85.55932,0.6358056
-85.546814,0.5777554
-85.53407,0.55576235
-85.538475,0.63726556
-85.51166,0.7608582
-85.521515,0.77607054
-85.51824,0.6688782
-85.50474,0.69773746
-85.520966,0.7504763
-85.53496,0.6842331
-85.55242,0.56929016
-85.55321,0.5333862
-85.55987,0.5125108
-85.57181,0.5310417
-85.55172,0.6123678
-85.53022,0.6786151
-85.54108,0.628985
-85.50541,0.68072885
-85.51018,0.7070638
-85.5145,0.71583074
-85.48515,0.7874965
-85.4878,0.75781167
-85.51957,0.58106196
-85.51217,0.60736024
-85.46465,0.79030293
-85.47644,0.776688
-85.508224,0.67487025
-85.56028,0.55799353
-85.56792,0.49231505
-85.50455,0.64299893
-85.4812,0.75901186
-85.50768,0.74139035
-85.53075,0.65528494
-85.51648,0.616971
-85.51614,0.56455284
-85.530525,0.50492567
-85.52598,0.5607822
-85.49519,0.71004206
-85.50154,0.6998588
-85.52404,0.61261463
-85.52151,0.58290076
-85.537056,0.53012305
-85.5493,0.5015656
-85.52598,0.6034191
-85.48912,0.7390865
-85.46929,0.77317387
-85.454895,0.7732692
-85.461006,0.76993424
-85.458466,0.7549167
-85.47304,0.76567715
-85.502075,0.6915201
-85.53747,0.62638205
-85.564064,0.5297055
-85.5495,0.52067536
-85.50595,0.66030145
-85.4986,0.7542051
-85.508575,0.74622834
-85.499626,0.70755625
-85.487076,0.72598845
-85.508965,0.63840085
-85.49804,0.6657873
-85.50752,0.6686912
-85.51688,0.66345394
-85.52111,0.6168293
-85.49575,0.6672209
-85.477264,0.8153344
-85.522675,0.68865794
-85.539925,0.6167728
-85.52466,0.7028914
-85.51621,0.7278185
-85.51229,0.6540272
-85.53605,0.5936248
-85.55707,0.56911355
-85.5771,0.56534654
-85.56984,0.59510064
-85.55367,0.5281589
-85.51798,0.59349877
-85.49221,0.71818066
-85.51917,0.7239055
-85.544655,0.6419568
-85.53052,0.72772497
-85.5119,0.78288203
-85.50415,0.786189
-85.51652,0.77204746
-85.52209,0.707951
-85.552536,0.6060924
-85.54634,0.6847061
-85.577934,0.64246655
-85.601814,0.5552906
-85.58617,0.5765067
-85.5571,0.66766846
-85.51582,0.6700551
-85.52091,0.64064795
-85.53151,0.6282333
-85.51012,0.71789694
-85.4943,0.7962302
-85.539734,0.7102884
-85.5731,0.66674036
-85.56321,0.63427424
-85.5968,0.5899491
-85.59819,0.57674724
-85.59581,0.6052625
-85.59032,0.6636297
-85.58321,0.681212
-85.57663,0.72692657
-85.57245,0.77546155
-85.57764,0.7531646
-85.60338,0.66599965
-85.59954,0.6471821
-85.61177,0.6756186
-85.59501,0.66855156
-85.60524,0.64455336
-85.61393,0.64164174
-85.65216,0.5687274
-85.67391,0.52824455
-85.63867,0.5910904
-85.59896,0.7041531
-85.60088,0.7152079
-85.63771,0.6628826
-85.64933,0.62561315
-85.65151,0.6205603
-85.66954,0.60331666
-85.67265,0.5811897
-85.64931,0.68641853
-85.633675,0.73655486
-85.64326,0.6938442
-85.65689,0.65706
-85.70655,0.5990471
-85.66269,0.6991194
-85.63498,0.8360432
-85.70008,0.68139815
-85.70699,0.60937333
-85.70969,0.6093666
-85.677666,0.6647147
-85.65369,0.78905046
-85.70028,0.66893065
-85.71283,0.6282516
-85.70874,0.6276895
-85.73707,0.6118982
-85.75547,0.63003093
-85.74603,0.65201956
-85.73867,0.67504555
-85.71228,0.7583287
-85.71474,0.74196887
-85.75929,0.6757598
-85.78464,0.60503733
-85.773445,0.5923366
-85.782104,0.63136095
-85.80449,0.6179429
-85.76713,0.65328497
-85.73792,0.7567595
-85.77892,0.6483811
-85.78965,0.61085117
-85.79405,0.6418702
-85.77916,0.70219487
-85.757805,0.80194503
-85.798546,0.67375875
-85.82127,0.606306
-85.8164,0.6967395
-85.81206,0.6711779
-85.809425,0.70391595
-85.844574,0.6466242
-85.88303,0.59308547
-85.89318,0.5839826
-85.8555,0.61800426
-85.83143,0.66679007
-85.86324,0.65201837
-85.86929,0.69054294
-85.87746,0.6123429
-85.93453,0.5445037
-85.96424,0.5274829
-85.93561,0.5987731
-85.880615,0.72972095
-85.903755,0.7062714
-85.952705,0.63798285
-85.94617,0.6575366
-85.95722,0.6135895
-85.97874,0.58754164
-85.96642,0.6255819
-85.94897,0.66454744
-85.97555,0.65722895
-85.9699,0.63329715
-85.97608,0.6343039
-85.99914,0.61607486
-86.01226,0.59197676
-86.01088,0.596222
-86.01437,0.60701287
-86.00643,0.6092343
-85.99321,0.66670996
-85.982704,0.7255979
-86.034004,0.67725945
-86.05522,0.65484846
-86.082535,0.6476239
-86.04665,0.7149994
-86.019684,0.75886744
-86.02836,0.6974739
-86.06255,0.64750797
-86.077774,0.65825915
-86.06964,0.7141054
-86.099205,0.6821082
-86.07823,0.7100941
-86.06984,0.7301594
-86.07631,0.7378815
-86.09663,0.76382667
-86.10192,0.75191444
-86.13779,0.6704602
-86.1649,0.6399597
-86.15328,0.6794047
-86.16388,0.6666077
-86.195564,0.6139681
-86.20614,0.63323367
-86.19643,0.60116065
-86.19259,0.6092926
-86.18936,0.6495031
-86.19654,0.6574539
-86.21494,0.6202202
-86.23973,0.6079225
-86.27759,0.5953033
-86.28198,0.6355453
-86.28746,0.6878624
-86.28144,0.62820333
-86.29093,0.6009372
-86.27526,0.65662867
-86.28604,0.67270476
-86.309525,0.6466609
-86.33434,0.6406423
-86.30837,0.70207274
-86.328316,0.7044921
-86.34249,0.67893475
-86.32921,0.7073187
-86.358635,0.72324073
-86.39071,0.65995795
-86.38698,0.66075766
-86.35822,0.6997125
-86.35648,0.68352664
-86.37148,0.70707095
-86.37823,0.70622593
-86.4073,0.6772233
-86.419464,0.70089227
-86.40065,0.7727375
-86.42597,0.7512955
-86.44794,0.65834713
-86.46704,0.63694865
-86.46113,0.6529827
-86.47487,0.66979706
-86.476685,0.66077113
-86.486786,0.6731509
-86.50094,0.65513885
-86.51915,0.6525959
-86.55868,0.61030066
-86.57089,0.61994094
-86.567116,0.6433819
-86.53793,0.6368186
-86.53452,0.659873
-86.559715,0.6732263
-86.61095,0.6329308
-86.647995,0.59383774
-86.63567,0.62321657
-86.61173,0.72326463
-86.586876,0.7752656
-86.606514,0.7425902
-86.659225,0.6829606
-86.64085,0.704987
-86.62119,0.75661874
-86.64402,0.7035971
-86.65504,0.6919012
-86.670135,0.6754168
-86.6974,0.6830335
-86.717636,0.6353916
-86.72851,0.6509554
-86.71797,0.6642489
-86.71199,0.6599949
-86.72033,0.67842144
-86.73774,0.6684892
-86.76934,0.63932586
-86.81029,0.65823495
-86.80581,0.63819027
-86.795494,0.63324314
-86.8131,0.625752
-86.78112,0.6552956
-86.792145,0.6586252
-86.78758,0.6528991
-86.82083,0.65919393
-86.85654,0.623563
-86.85511,0.6245373
-86.85393,0.6159502
-86.88823,0.5810105
-86.91348,0.60175574
-86.90385,0.62639207
-86.92409,0.63351065
-86.91309,0.64244795
-86.92548,0.6218617
-86.93761,0.6018504
-86.941475,0.6092143
-86.95369,0.60981584
-86.97169,0.63772076
-86.982956,0.6276499
-86.997925,0.6032062
-86.98869,0.61348605
-86.97534,0.63665605
-86.979004,0.68378043
-87.01527,0.67657363
-87.03753,0.6632686
-87.032074,0.6501117
-87.029366,0.63944185
-87.03743,0.64991385
-87.05962,0.6480666
-87.07101,0.6425122
-87.058266,0.6384118
-87.063675,0.6617842
-87.07348,0.6483992
-87.07617,0.6641544
-87.08802,0.67927563
-87.08888,0.66204864
-87.125,0.6304498
-87.14675,0.64308727
-87.141426,0.64442265
-87.15888,0.6699313
-87.151825,0.6632155
-87.1573,0.64013344
-87.17107,0.6157883
-87.21171,0.61700433
-87.21552,0.631721
-87.19057,0.66268003
-87.178024,0.66153973
-87.18054,0.6345705
-87.18739,0.632409
-87.209625,0.61350536
-87.23152,0.6303887
-87.23684,0.64561254
-87.245026,0.6265768
-87.265755,0.6013358
-87.26291,0.5880833
-87.273056,0.6079851
-87.295296,0.61304265
-87.29374,0.5960291
-87.28423,0.5951596
